season,location,epi_week_of_season,week_start,target,median,q05,q25,q75,q95
2025/2026,National,1,2025-06-30,cases,34767.865264336215,0,28768.27674534345,49484.43106773088,138776.4428093431
2025/2026,National,2,2025-07-07,cases,36733.51146050219,0,30733.922941509423,51450.07726389685,140742.08900550907
2025/2026,National,3,2025-07-14,cases,30895.05456079832,0,24895.466041805557,45611.62036419298,134903.6321058052
2025/2026,National,4,2025-07-21,cases,32073.5382943841,0,26073.94977539134,46790.10409777876,136082.115839391
2025/2026,National,5,2025-07-28,cases,11617.528530103416,0,5617.940011110653,26334.09433349808,115626.1060751103
2025/2026,National,6,2025-08-04,cases,28923.748706376588,0,22924.160187383823,43640.314509771255,132932.32625138346
2025/2026,National,7,2025-08-11,cases,32386.894900737792,0,26387.30638174503,47103.460704132456,136395.47244574467
2025/2026,National,8,2025-08-18,cases,35722.94753848962,0,29723.359019496856,50439.51334188429,139731.52508349653
2025/2026,National,9,2025-08-25,cases,38764.86645045752,0,32765.277931464756,53481.43225385218,142773.44399546442
2025/2026,National,10,2025-09-01,cases,57619.63197470439,0,51620.043455711624,72336.19777809906,161628.20951971126
2025/2026,National,11,2025-09-08,cases,98948.49248697802,18111.65441315771,92948.90396798526,113665.05829037269,202957.0700319849
2025/2026,National,12,2025-09-15,cases,322776.128598202,241939.2905243817,316776.54007920926,337492.6944015967,426784.7061432089
2025/2026,National,13,2025-09-22,cases,907009.7858861934,826172.947812373,901010.1973672006,921726.351689588,1011018.3634312003
2025/2026,National,14,2025-09-29,cases,2174915.195418034,2094078.3573442139,2168915.6068990417,2189631.761221429,2278923.772963041
2025/2026,National,15,2025-10-06,cases,2615761.4190738485,2534924.581000028,2609761.830554856,2630477.984877243,2719769.9966188553
2025/2026,National,16,2025-10-13,cases,3480075.1673429944,3399238.329269174,3474075.578824002,3494791.733146389,3584083.744888001
2025/2026,National,17,2025-10-20,cases,3406062.270518779,3325225.4324449585,3400062.6819997863,3420778.8363221735,3510070.8480637856
2025/2026,National,18,2025-10-27,cases,2330210.308284077,2249373.4702102565,2324210.7197650843,2344926.8740874715,2434218.8858290836
2025/2026,National,19,2025-11-03,cases,1091311.7726202074,1010474.934546387,1085312.1841012146,1106028.338423602,1195320.3501652144
2025/2026,National,20,2025-11-10,cases,417012.7430252254,336175.90495140513,411013.15450623265,431729.30882862007,521021.3205702323
2025/2026,National,21,2025-11-17,cases,92173.55178964621,11336.7137158259,86173.96327065345,106890.11759304088,196182.1293346531
2025/2026,National,22,2025-11-24,cases,84659.2702534462,3822.4321796258882,78659.68173445344,99375.83605684087,188667.8477984531
2025/2026,National,23,2025-12-01,cases,88312.48290513652,7475.644831316211,82312.89438614376,103029.04870853119,192321.0604501434
2025/2026,National,24,2025-12-08,cases,174014.1497795126,93177.3117056923,168014.56126051984,188730.71558290726,278022.7273245195
2025/2026,National,25,2025-12-15,cases,320928.57170224254,240091.73362842223,314928.9831832498,335645.1375056372,424937.1492472494
2025/2026,National,26,2025-12-22,cases,482325.02823156555,401488.19015774527,476325.4397125728,497041.5940349602,586333.6057765725
2025/2026,National,27,2025-12-29,cases,898677.8874079753,817841.0493341549,892678.2988889825,913394.4532113699,1002686.4649529821
2025/2026,National,28,2026-01-05,cases,654433.9067083544,573597.068634534,648434.3181893616,669150.472511749,758442.4842533612
2025/2026,National,29,2026-01-12,cases,426869.1167815211,346032.2787077008,420869.52826252836,441585.6825849158,530877.694326528
2025/2026,National,30,2026-01-19,cases,203255.74324673484,122418.90517291453,197256.15472774208,217972.3090501295,307264.3207917417
2025/2026,National,31,2026-01-26,cases,116227.36388309985,35390.52580927954,110227.77536410709,130943.92968649452,220235.94142810674
2025/2026,National,32,2026-02-02,cases,56106.76434334857,0,50107.17582435581,70823.33014674323,160115.34188835547
2025/2026,National,33,2026-02-09,cases,30099.49198212325,0,24099.90346313049,44816.057785517914,134108.06952713014
2025/2026,National,34,2026-02-16,cases,28418.56862537564,0,22418.980106382878,43135.1344287703,132427.14617038253
2025/2026,National,35,2026-02-23,cases,38154.7464023236,0,32155.157883330838,52871.31220571826,142163.3239473305
2025/2026,National,36,2026-03-02,cases,28083.747829390573,0,22084.15931039781,42800.31363278524,132092.32537439745
2025/2026,National,37,2026-03-09,cases,29605.67461182352,0,23606.08609283076,44322.240415218184,133614.25215683042
2025/2026,National,38,2026-03-16,cases,28948.145574682534,0,22948.557055689773,43664.7113780772,132956.7231196894
2025/2026,National,39,2026-03-23,cases,29548.697852877533,0,23549.10933388477,44265.2636562722,133557.27539788443
2025/2026,National,40,2026-03-30,cases,30257.83512186749,0,24258.24660287473,44974.400925262154,134266.41266687438
2025/2026,National,41,2026-04-06,cases,17593.3858586896,0,11593.797339696835,32309.951662084262,121601.96340369649
2025/2026,National,42,2026-04-13,cases,27605.857061192342,0,21606.268542199577,42322.422864587,131614.43460619924
2025/2026,National,43,2026-04-20,cases,28037.581212446286,0,22037.992693453525,42754.14701584095,132046.15875745317
2025/2026,National,44,2026-04-27,cases,11376.668764441745,0,5377.080245448982,26093.234567836407,115385.24630944863
2025/2026,National,45,2026-05-04,cases,29542.246390309134,0,23542.65787131637,44258.812193703794,133550.82393531603
2025/2026,National,46,2026-05-11,cases,12576.938585244448,0,6577.350066251685,27293.504388639114,116585.51613025134
2025/2026,National,47,2026-05-18,cases,28305.9108442305,0,22306.322325237736,43022.47664762517,132314.48838923738
2025/2026,National,48,2026-05-25,cases,11053.520457047372,0,5053.931938054609,25770.086260442036,115062.09800205426
2025/2026,National,49,2026-06-01,cases,10993.264615992633,0,4993.67609699987,25709.830419387297,115001.84216099953
2025/2026,National,50,2026-06-08,cases,29629.31629727533,0,23629.72777828257,44345.882100669995,133637.8938422822
2025/2026,National,51,2026-06-15,cases,12533.639867759328,0,6534.051348766565,27250.20567115399,116542.21741276621
2025/2026,National,52,2026-06-22,cases,9039.405443124659,0,3039.8169241318956,23755.971246519322,113047.98298813155
2025/2026,National,1,2025-06-30,hospitalizations,517.188095058917,0,427.9414377308328,736.1038258867816,2064.363847188511
2025/2026,National,2,2025-07-07,hospitalizations,546.4279924188994,0,457.1813350908151,765.3437232467638,2093.603744548493
2025/2026,National,3,2025-07-14,hospitalizations,459.57824253969625,0,370.33158521161204,678.4939733675607,2006.7539946692903
2025/2026,National,4,2025-07-21,hospitalizations,477.1087337734032,0,387.86207644531896,696.0244646012677,2024.284485902997
2025/2026,National,5,2025-07-28,hospitalizations,172.81611637916933,0,83.56945905108512,391.7318472070338,1719.9918685087632
2025/2026,National,6,2025-08-04,hospitalizations,430.25415514245606,0,341.0074978143718,649.1698859703206,1977.4299072720498
2025/2026,National,7,2025-08-11,hospitalizations,481.77005839261795,0,392.5234010645338,700.6857892204824,2028.9458105222118
2025/2026,National,8,2025-08-18,hospitalizations,531.3953861375736,0,442.1487288094894,750.3111169654381,2078.571138267168
2025/2026,National,9,2025-08-25,hospitalizations,576.64533851294,0,487.39868118485583,795.5610693408046,2123.8210906425343
2025/2026,National,10,2025-09-01,hospitalizations,857.1187063808984,0,767.8720490528142,1076.034437208763,2404.294458510492
2025/2026,National,11,2025-09-08,hospitalizations,1471.9046438202065,269.4192459930801,1382.6579864921223,1690.820374648071,3019.0803959498003
2025/2026,National,12,2025-09-15,hospitalizations,4801.444374309452,3598.958976482326,4712.197716981368,5020.360105137316,6348.620126439046
2025/2026,National,13,2025-09-22,hospitalizations,13492.190555727308,12289.70515790018,13402.943898399222,13711.10628655517,15039.3663078569
2025/2026,National,14,2025-09-29,hospitalizations,32352.870625818123,31150.385227990995,32263.623968490043,32571.786356645986,33900.046377947714
2025/2026,National,15,2025-10-06,hospitalizations,38910.662336439585,37708.17693861246,38821.4156791115,39129.57806726745,40457.83808856917
2025/2026,National,16,2025-10-13,hospitalizations,51767.72956222303,50565.2441643959,51678.48290489495,51986.6452930509,53314.905314352625
2025/2026,National,17,2025-10-20,hospitalizations,50666.753450308184,49464.26805248106,50577.5067929801,50885.66918113604,52213.92920243777
2025/2026,National,18,2025-10-27,hospitalizations,34662.957339066365,33460.47194123924,34573.71068173828,34881.87306989423,36210.13309119595
2025/2026,National,19,2025-11-03,hospitalizations,16233.767949387811,15031.282551560686,16144.521292059728,16452.683680215676,17780.943701517408
2025/2026,National,20,2025-11-10,hospitalizations,6203.257650153795,5000.772252326669,6114.010992825711,6422.173380981659,7750.433402283388
2025/2026,National,21,2025-11-17,hospitalizations,1371.1242638126832,168.6388659855569,1281.877606484599,1590.0399946405478,2918.300015942277
2025/2026,National,22,2025-11-24,hospitalizations,1259.3458464753924,56.86044864826591,1170.0991891473082,1478.261577303257,2806.521598604986
2025/2026,National,23,2025-12-01,hospitalizations,1313.6890762885537,111.20367846142726,1224.4424189604695,1532.6048071164182,2860.8648284181477
2025/2026,National,24,2025-12-08,hospitalizations,2588.5410551817904,1386.0556573546642,2499.2943978537064,2807.456786009655,4135.716807311384
2025/2026,National,25,2025-12-15,hospitalizations,4773.961109971265,3571.475712144138,4684.71445264318,4992.876840799128,6321.136862100858
2025/2026,National,26,2025-12-22,hospitalizations,7174.808135436563,5972.322737609436,7085.561478108479,7393.723866264427,8721.983887566157
2025/2026,National,27,2025-12-29,hospitalizations,13368.249707780162,12165.764309953034,13279.003050452078,13587.165438608026,14915.425459909755
2025/2026,National,28,2026-01-05,hospitalizations,9735.007397754904,8532.521999927778,9645.76074042682,9953.923128582768,11282.183149884497
2025/2026,National,29,2026-01-12,hospitalizations,6349.875773770266,5147.39037594314,6260.629116442183,6568.791504598131,7897.05152589986
2025/2026,National,30,2026-01-19,hospitalizations,3023.523298319768,1821.0379004926417,2934.276640991684,3242.4390291476325,4570.6990504493615
2025/2026,National,31,2026-01-26,hospitalizations,1728.9358568148957,526.4504589877694,1639.6891994868115,1947.8515876427603,3276.1116089444895
2025/2026,National,32,2026-02-02,hospitalizations,834.6140998314761,0,745.3674425033919,1053.5298306593406,2381.7898519610703
2025/2026,National,33,2026-02-09,hospitalizations,447.74388079683774,0,358.4972234687536,666.6596116247023,1994.9196329264316
2025/2026,National,34,2026-02-16,hospitalizations,422.73936751404807,0,333.49271018596386,641.6550983419125,1969.9151196436421
2025/2026,National,35,2026-02-23,hospitalizations,567.5695202810018,0,478.32286295291755,786.4852511088662,2114.745272410596
2025/2026,National,36,2026-03-02,hospitalizations,417.75875313507856,0,328.51209580699435,636.6744839629431,1964.9345052646722
2025/2026,National,37,2026-03-09,hospitalizations,440.3981187516109,0,351.15146142352677,659.3138495794755,1987.573870881205
2025/2026,National,38,2026-03-16,hospitalizations,430.6170698554712,0,341.37041252738703,649.5328006833357,1977.7928219850648
2025/2026,National,39,2026-03-23,hospitalizations,439.5505630792144,0,350.30390575113023,658.4662939070789,1986.7263152088083
2025/2026,National,40,2026-03-30,hospitalizations,450.0993083212873,0,360.85265099320316,669.0150391491518,1997.2750604508813
2025/2026,National,41,2026-04-06,hospitalizations,261.70976126123344,0,172.46310393314926,480.625492089098,1808.8855133908273
2025/2026,National,42,2026-04-13,hospitalizations,410.6499066709209,0,321.4032493428367,629.5656374987853,1957.825658800515
2025/2026,National,43,2026-04-20,hospitalizations,417.0720033305911,0,327.8253460025069,635.9877341584556,1964.2477554601849
2025/2026,National,44,2026-04-27,hospitalizations,169.23321583489357,0,79.98655850680935,388.148946662758,1716.4089679644874
2025/2026,National,45,2026-05-04,hospitalizations,439.45459458616125,0,350.207937258077,658.3703254140257,1986.6303467157552
2025/2026,National,46,2026-05-11,hospitalizations,187.08778520399486,0,97.84112787591063,406.00351603185936,1734.2635373335888
2025/2026,National,47,2026-05-18,hospitalizations,421.0635308533548,0,331.8168735252705,639.9792616812193,1968.2392829829485
2025/2026,National,48,2026-05-25,hospitalizations,164.42623512865376,0,75.17957780056955,383.34196595651827,1711.6019872582476
2025/2026,National,49,2026-06-01,hospitalizations,163.52990159151136,0,74.28324426342714,382.44563241937584,1710.7056537211054
2025/2026,National,50,2026-06-08,hospitalizations,440.74979976998355,0,351.50314244189934,659.665530597848,1987.9255518995774
2025/2026,National,51,2026-06-15,hospitalizations,186.44369673194262,0,97.19703940385841,405.3594275598071,1733.6194488615365
2025/2026,National,52,2026-06-22,hospitalizations,134.46534166106514,0,45.21868433298092,353.38107248892965,1681.6410937906592
2025/2026,National,1,2025-06-30,deaths,51.02339261105974,0,42.2187289314814,72.62060915467481,203.6606180101227
2025/2026,National,2,2025-07-07,deaths,53.9080660541627,0,45.10340237458436,75.50528259777776,206.54529145322564
2025/2026,National,3,2025-07-14,deaths,45.339870210919045,0,36.53520653134071,66.9370867545341,197.977095609982
2025/2026,National,4,2025-07-21,deaths,47.06934763978421,0,38.26468396020588,68.66656418339927,199.70657303884715
2025/2026,National,5,2025-07-28,deaths,17.049241155731664,0,8.244577476153333,38.64645769934673,169.68646655479463
2025/2026,National,6,2025-08-04,deaths,42.44689096695565,0,33.64222728737731,64.04410751057073,195.08411636601858
2025/2026,National,7,2025-08-11,deaths,47.52921243250861,0,38.72454875293028,69.12642897612368,200.16643783157156
2025/2026,National,8,2025-08-18,deaths,52.42501843650207,0,43.62035475692374,74.02223498011715,205.06224383556506
2025/2026,National,9,2025-08-25,deaths,56.88917008217571,0,48.08450640259738,78.48638662579077,209.5263954812387
2025/2026,National,10,2025-09-01,deaths,84.55937924281538,0,75.75471556323704,106.15659578643044,237.1966046418783
2025/2026,National,11,2025-09-08,deaths,145.2113249418957,26.57966046901102,136.40666126231736,166.80854148551077,297.84855034095864
2025/2026,National,12,2025-09-15,deaths,473.68836164461004,355.0566971717254,464.88369796503173,495.28557818822514,626.325587043673
2025/2026,National,13,2025-09-22,deaths,1331.0773053074308,1212.445640834546,1322.2726416278526,1352.674521851046,1483.7145307064939
2025/2026,National,14,2025-09-29,deaths,3191.785031029938,3073.1533665570537,3182.98036735036,3213.3822475735533,3344.422256429001
2025/2026,National,15,2025-10-06,deaths,3838.7465220412014,3720.114857568317,3829.9418583616234,3860.3437385848165,3991.3837474402644
2025/2026,National,16,2025-10-13,deaths,5107.165488284432,4988.533823811548,5098.360824604854,5128.762704828047,5259.802713683495
2025/2026,National,17,2025-10-20,deaths,4998.548261882054,4879.916597409169,4989.743598202475,5020.145478425668,5151.185487281116
2025/2026,National,18,2025-10-27,deaths,3419.687533933123,3301.0558694602387,3410.882870253545,3441.2847504767383,3572.324759332186
2025/2026,National,19,2025-11-03,deaths,1601.5486890588502,1482.9170245859655,1592.7440253792718,1623.1459056024653,1754.1859144579132
2025/2026,National,20,2025-11-10,deaths,611.9847954259284,493.3531309530438,603.1801317463501,633.5820119695435,764.6220208249913
2025/2026,National,21,2025-11-17,deaths,135.26879736683645,16.637132893951758,126.46413368725811,156.86601391045153,287.90602276589937
2025/2026,National,22,2025-11-24,deaths,124.24125414275319,5.609589669868507,115.43659046317485,145.83847068636825,276.87847954181615
2025/2026,National,23,2025-12-01,deaths,129.60250660969967,10.970842136815005,120.79784293012135,151.19972315331475,282.23973200876264
2025/2026,National,24,2025-12-08,deaths,255.37352427522816,136.74185980234347,246.56886059564982,276.97074081884324,408.0107496742911
2025/2026,National,25,2025-12-15,deaths,470.9769895152861,352.34532504240144,462.1723258357078,492.57420605890115,623.6142149143491
2025/2026,National,26,2025-12-22,deaths,707.8334863096603,589.2018218367757,699.028822630082,729.4307028532753,860.4707117087233
2025/2026,National,27,2025-12-29,deaths,1318.8498727625374,1200.2182082896527,1310.0452090829592,1340.4470893061525,1471.4870981616004
2025/2026,National,28,2026-01-05,deaths,960.4109399900918,841.7792755172071,951.6062763105135,982.0081565337069,1113.0481653891547
2025/2026,National,29,2026-01-12,deaths,626.4494634193553,507.81779894647053,617.6447997397769,648.0466799629703,779.0866888184182
2025/2026,National,30,2026-01-19,deaths,298.2868666017567,179.655202128872,289.4822029221783,319.88408314537173,450.9240920008196
2025/2026,National,31,2026-01-26,deaths,170.56883919873675,51.93717472585207,161.7641755191584,192.16605574235183,323.2060645977997
2025/2026,National,32,2026-02-02,deaths,82.3391785334433,0,73.53451485386498,103.93639507705836,234.9764039325063
2025/2026,National,33,2026-02-09,deaths,44.17234665174202,0,35.367682972163685,65.76956319535708,196.80957205080497
2025/2026,National,34,2026-02-16,deaths,41.7055166715761,0,32.900852991997766,63.30273321519117,194.34274207063908
2025/2026,National,35,2026-02-23,deaths,55.99379170564512,0,47.18912802606679,77.59100824926018,208.6310171047081
2025/2026,National,36,2026-03-02,deaths,41.21415222345689,0,32.40948854387855,62.81136876707196,193.85137762251983
2025/2026,National,37,2026-03-09,deaths,43.44764764099172,0,34.642983961413385,65.04486418460678,196.0848730400547
2025/2026,National,38,2026-03-16,deaths,42.48269445907662,0,33.678030779498286,64.07991100269169,195.11991985813955
2025/2026,National,39,2026-03-23,deaths,43.364031706584925,0,34.5593680270066,64.96124825019999,196.00125710564788
2025/2026,National,40,2026-03-30,deaths,44.404722270003674,0,35.60005859042535,66.00193881361875,197.04194766906664
2025/2026,National,41,2026-04-06,deaths,25.819078255189623,0,17.01441457561129,47.41629479880469,178.45630365425257
2025/2026,National,42,2026-04-13,deaths,40.51282621147446,0,31.70816253189613,62.11004275508952,193.15005161053745
2025/2026,National,43,2026-04-20,deaths,41.14640065447319,0,32.34173697489486,62.74361719808825,193.78362605353615
2025/2026,National,44,2026-04-27,deaths,16.695768709433114,0,7.891105029854783,38.29298525304818,169.33299410849608
2025/2026,National,45,2026-05-04,deaths,43.35456389758831,0,34.54990021800997,64.95178044120337,195.99178929665126
2025/2026,National,46,2026-05-11,deaths,18.45721819275364,0,9.652554513175307,40.05443473636871,171.0944435918166
2025/2026,National,47,2026-05-18,deaths,41.540186354216765,0,32.73552267463843,63.137402897831834,194.1774117532797
2025/2026,National,48,2026-05-25,deaths,16.22153415880928,0,7.4168704792309486,37.818750702424346,168.85875955787225
2025/2026,National,49,2026-06-01,deaths,16.13310602519018,0,7.328442345611849,37.73032256880525,168.77033142425316
2025/2026,National,50,2026-06-08,deaths,43.482342868599844,0,34.67767918902151,65.0795594122149,196.1195682676628
2025/2026,National,51,2026-06-15,deaths,18.393675394108914,0,9.589011714530582,39.99089193772398,171.03090079317187
2025/2026,National,52,2026-06-22,deaths,13.265730564372788,0,4.461066884794455,34.86294710798786,165.90295596343574
