season,zone,total_cases,mean_incidence,mean_healthcare_access
2023/2024,NC,2844040,149.66246703296704,0.5857142857142857
2023/2024,NE,2390561,141.4906826923077,0.395
2023/2024,NW,4202072,139.7329587912088,0.44285714285714284
2023/2024,SE,2183060,150.08669615384613,0.702
2023/2024,SS,2328667,142.39772756410255,0.6716666666666666
2023/2024,SW,3166735,143.79821474358974,0.7333333333333333
2024/2025,NC,5089408,265.26582417582415,0.5857142857142857
2024/2025,NE,4397357,257.9818557692308,0.395
2024/2025,NW,8047208,265.3135631868132,0.44285714285714284
2024/2025,SE,3751491,260.28730384615386,0.702
2024/2025,SS,4184341,250.66838461538464,0.6716666666666666
2024/2025,SW,5946586,278.7036314102564,0.7333333333333333
2025/2026,NC,3457472,182.03006318681318,0.5857142857142857
2025/2026,NE,2930880,172.39876282051281,0.395
2025/2026,NW,5193100,168.7033076923077,0.44285714285714284
2025/2026,SE,2944649,206.5448923076923,0.702
2025/2026,SS,2996013,183.09565705128205,0.6716666666666666
2025/2026,SW,4717140,202.94876282051283,0.7333333333333333
