peak1_week,peak1,peak2_week,peak2,trough_week,baseline,excess_wave1,excess_wave2,wave2_share,growth_wave1,growth_wave2,season,state,attack_rate_pct,hosp_per_case_pct,cfr_pct,deaths_per_100k,week1_ratio,population,zone,climate,hc_access,region,baseline_per_100k
13,93217.0,27,12603.0,20,569.0,319480.0,35022.0,0.0987921083661023,1.1641990422186508,0.6289721636186831,2023/2024,Abia,8.028161421974609,1.619936252151297,0.11061975360093024,8.880732383673248,7.709821428571429,4841943,SE,tropical,0.7,South,11.751480758860648
15,82507.0,29,9291.0,21,801.0,313739.0,43436.0,0.12160985511303983,1.0342818574947144,0.8062810506925193,2023/2024,Adamawa,7.686900843773893,1.244786478503772,0.14830124279919216,11.399769484058272,5.992101105845181,5236948,NE,savanna,0.44,North,15.295168101726425
13,73912.0,25,9912.0,19,668.0,325626.0,36469.0,0.10071666275424958,1.192937634590911,0.9549470730529115,2023/2024,Akwa Ibom,6.909253585409495,1.9098887066688366,0.16149426006835338,11.158047954003239,4.5121107266435985,5780581,SS,tropical,0.68,South,11.555931834533588
14,155728.0,27,8843.0,21,756.0,527131.0,41416.0,0.07284534084253369,0.8535863656128058,0.4001542907435063,2023/2024,Anambra,8.394021296152966,1.560001044461417,0.12321380777993197,10.342593264848471,4.574275362318841,7299910,SE,tropical,0.74,South,10.35629206387476
18,78362.0,27,30634.0,21,1395.0,306061.0,109971.0,0.2643330320744558,0.8441177215122799,0.5980657452677702,2023/2024,Bauchi,6.501802295103229,1.5246420915437944,0.20620911766565567,13.407309145097718,2.124366910523354,7540663,NE,sahel,0.4,North,18.499699562226823
14,48436.0,25,3468.0,20,327.0,143069.0,14697.0,0.09315695396980338,0.8274117687974494,1.0120089896539746,2023/2024,Bayelsa,7.342429715311779,1.5708265322952153,0.13421979059437755,9.854993788430821,5.631090487238979,2394725,SS,tropical,0.6,South,13.655012579732537
14,127974.0,26,15304.0,20,988.0,456998.0,71652.0,0.13553769034332735,1.1172609449042747,0.7284143826767298,2023/2024,Benue,8.736119679902197,1.2888406595851747,0.14873871622569945,12.99399225982721,5.418079096045198,6687706,NC,savanna,0.52,North,14.773376700470983
18,92308.0,27,32977.0,21,1103.0,351034.0,98220.0,0.21862910513874112,0.7364972133638892,0.5438940084282855,2023/2024,Borno,7.68940959980997,1.1468948203993212,0.18182955727435537,13.981619432346251,8.188191881918819,6651590,NE,sahel,0.34,North,16.582501326750446
14,63805.0,25,4352.0,21,474.0,240172.0,19716.0,0.07586344887028258,1.2265166138478776,0.4300068723562527,2023/2024,Cross River,6.886673596773189,2.200890372843628,0.1339037284362827,9.221512711316352,9.981865284974093,4175020,SS,tropical,0.66,South,11.353239026399873
14,101193.0,28,10113.0,24,633.0,384288.0,25434.0,0.06207623705829807,0.9408567556694134,0.4654505828817914,2023/2024,Delta,7.264836285229593,1.7955704604205966,0.12057615116417965,8.759659981108607,4.108996539792387,6107543,SS,tropical,0.69,South,10.364233211292987
13,60823.0,27,7936.0,20,350.0,215078.0,29764.0,0.12156411073263575,1.1486449059141624,0.6286711276305996,2023/2024,Ebonyi,6.620282968839488,2.1753962719339577,0.1428652204233183,9.458081856079938,6.795379537953796,4007155,SE,tropical,0.64,South,8.734376384242687
15,96752.0,27,11579.0,22,595.0,373353.0,38665.0,0.09384298744229622,0.931848426339978,0.7978993771152929,2023/2024,Edo,8.035514968857468,1.5288571505758823,0.11391572937584986,9.15371548587958,2.4524793388429753,5527810,SS,tropical,0.7,South,10.763756351973024
15,69701.0,26,7590.0,19,337.0,263420.0,25976.0,0.08975936087575502,1.1140527301575691,0.6980984588294548,2023/2024,Ekiti,9.115063753300667,1.4172902959198828,0.09136518308549586,8.327994686562825,5.954070981210856,3398177,SW,tropical,0.69,South,9.917082011914035
13,86255.0,26,9104.0,19,560.0,356885.0,40431.0,0.10176031169144963,0.6313126583777482,0.49401683472541613,2023/2024,Enugu,7.939848386741679,1.7479612176210548,0.1213699870694283,9.636592960320588,3.286259541984733,5396098,SE,tropical,0.71,South,10.37786934188371
15,110117.0,27,12368.0,20,695.0,296136.0,51337.0,0.14774385347926314,0.8125810620970677,0.781166426899663,2023/2024,FCT,8.018356490644448,1.9323408045663595,0.08258088642011857,6.6216298662992985,2.9758342922899885,4802443,NC,savanna,0.88,North,14.47180112288683
17,54575.0,27,18532.0,21,817.0,214586.0,59489.0,0.21705372616984403,0.9477489902462581,0.5954709201671484,2023/2024,Gombe,6.968522721718054,1.3898760657630507,0.19584899452802254,13.6477816839416,3.7669616519174043,4623462,NE,sahel,0.45,North,17.670741102662895
14,138208.0,28,9274.0,20,618.0,415604.0,38227.0,0.08423179553622384,1.0395575114555875,0.688543567475715,2023/2024,Imo,8.040216740318689,1.5877570932525449,0.12380651747024748,9.954312343248422,2.1528599605522682,6067722,SE,tropical,0.72,South,10.185041437297226
16,110634.0,26,23630.0,22,1409.0,375900.0,87068.0,0.18806483385460765,0.523288611612954,0.5920575877586005,2023/2024,Jigawa,7.7228947081850325,1.1851862846413734,0.18275023330803897,14.113608097342343,4.052117263843648,6979080,NW,sahel,0.38,North,20.188907420462296
16,117382.0,27,21251.0,21,1132.0,421279.0,87498.0,0.17197711374531474,0.909024134906737,0.9612403974305126,2023/2024,Kaduna,6.866343475745965,1.8585519985163776,0.15990930308236553,10.979921999306848,3.8595113438045376,8324285,NW,savanna,0.6,North,13.598765539622923
16,155414.0,27,52564.0,22,2994.0,694041.0,220956.0,0.24148275895986543,0.9632560091414355,0.6961878410979798,2023/2024,Kano,6.584512711654543,1.6370511774714847,0.16819018946624845,11.07450440516099,1.2806468440271257,16253549,NW,sahel,0.55,North,18.420592327251114
16,231066.0,26,31071.0,21,1783.0,511563.0,130959.0,0.2038202582946576,0.8378911190499547,0.7454073014489317,2023/2024,Katsina,7.948146646019486,1.0954968019826625,0.16382398458891137,13.02097053647904,6.72568578553616,9300382,NW,sahel,0.42,North,19.17125554627756
16,77173.0,27,29142.0,21,1158.0,271347.0,87706.0,0.2442703444895322,1.0736696986176604,0.7187056754262708,2023/2024,Kebbi,7.0113519538923725,1.11313374240127,0.15423223715167042,10.813764973065561,4.342403628117914,6001610,NW,sahel,0.39,North,19.294822555947487
16,75191.0,27,9181.0,21,788.0,293939.0,50925.0,0.14766690637468682,0.6766751027002682,0.8883076565318788,2023/2024,Kogi,7.7027599790570696,1.2274036226132035,0.14873727448577748,11.456875253030729,3.3654458598726116,5053734,NC,savanna,0.53,North,15.592431259737848
14,63902.0,27,10877.0,20,689.0,218847.0,43399.0,0.1654896547516454,1.00192946056253,0.9555012954222559,2023/2024,Kwara,7.076511410778397,1.5764749595265266,0.14663340322195387,10.376529511014263,5.555555555555555,4259613,NC,savanna,0.58,North,16.175178355404586
13,335285.0,26,23700.0,19,1824.0,981439.0,108537.0,0.09957742188818837,0.872519684216817,0.6954156244805612,2023/2024,Lagos,7.497455760151409,1.916173740978297,0.08540756744872374,6.403394585289539,2.31877444589309,15772884,SW,tropical,0.9,South,11.564150221354573
14,86983.0,28,8936.0,20,613.0,238960.0,35382.0,0.1289704091972793,1.2704179086067402,0.45668200516868174,2023/2024,Nasarawa,8.536635392109385,1.2090779208632862,0.11965001564157886,10.214085581923436,7.245590230664858,3632239,NC,savanna,0.54,North,16.876642753959747
15,95622.0,27,27279.0,21,1070.0,347395.0,83728.0,0.1942090772239013,0.6597377757775815,1.0526791083309504,2023/2024,Niger,7.261967167597856,1.472598038311727,0.14260863151036063,10.356191998443,5.305882352941176,6720617,NC,savanna,0.5,North,15.921157238985646
14,81671.0,27,10049.0,20,685.0,368214.0,36475.0,0.09013094005520289,1.1595584684775737,0.6086756333516798,2023/2024,Ogun,6.84121313675522,1.942009593250706,0.14355857439305114,9.821148050315928,2.8232189973614776,6445275,SW,tropical,0.71,South,10.627940623169687
13,79988.0,28,7653.0,21,538.0,326276.0,31550.0,0.08817134584965877,0.8673571702981633,0.7045529278238609,2023/2024,Ondo,7.124860618676649,1.988663335976331,0.13676871717101735,9.744580468387063,5.77882797731569,5469707,SW,tropical,0.68,South,9.835993043137412
15,66834.0,27,5981.0,20,530.0,245551.0,22672.0,0.0845266811570969,0.8698566925896367,0.6025931457582687,2023/2024,Osun,7.00786520778327,1.6201326144717478,0.15255042077649175,10.690527861922748,7.357723577235772,4237396,SW,tropical,0.7,South,12.507681604457076
14,133248.0,26,13014.0,19,1066.0,446014.0,43929.0,0.08966145041361955,1.0952158728659969,0.9292777618339509,2023/2024,Oyo,7.278577850896896,1.911749376861871,0.1391659915622617,10.129305037831823,2.9990224828934506,7512855,SW,tropical,0.72,South,14.189013364426707
15,84006.0,28,20284.0,20,767.0,270585.0,72637.0,0.2116327041972834,0.5366433359373506,1.1646368914620226,2023/2024,Plateau,7.144785366491303,1.6497014677833983,0.1490069657517207,10.646227884081648,6.017636684303351,5400974,NC,savanna,0.55,North,14.201142238418479
14,150163.0,28,10346.0,19,751.0,492229.0,43784.0,0.08168458600817517,0.597077435109667,0.5982181318538489,2023/2024,Rivers,7.989387106213113,1.8144386969534454,0.11262391225368926,8.99796032410902,4.400534045393859,7234973,SS,tropical,0.7,South,10.380135489102724
16,83221.0,27,39189.0,21,1186.0,310169.0,86816.0,0.21868836354018414,0.7211323596077035,0.7052251590046783,2023/2024,Sokoto,7.52193629691911,1.2735363714998782,0.16285907189742682,12.25015564187814,3.5337620578778135,6163187,NW,sahel,0.4,North,19.24329084936089
16,76731.0,27,17134.0,21,726.0,250775.0,56493.0,0.1838557871304529,0.6977909289115152,0.6989021112403355,2023/2024,Taraba,7.973134097511823,1.2467174502804101,0.1499766928112523,11.957842832854519,3.2233796296296298,4331885,NE,savanna,0.41,North,16.7594476769351
16,49113.0,27,20386.0,22,807.0,202014.0,72314.0,0.2636041526931265,0.967916448138852,0.6764325322353475,2023/2024,Yobe,7.3253247229393335,1.1249494008114698,0.18451052933811554,13.51599542203121,4.865239294710327,4350401,NE,sahel,0.33,North,18.55001412513467
18,70723.0,27,27029.0,21,970.0,277204.0,66850.0,0.19430089462700623,0.7744735322101324,0.7482444661182504,2023/2024,Zamfara,7.207609999142774,1.1043472357374007,0.17223994910749532,12.414383794390258,2.05941770647653,5517793,NW,sahel,0.36,North,17.579492380377445
15,176783.0,28,45521.0,22,157.0,481363.0,158260.0,0.24742699996716816,1.1616640005987993,1.0230287104855025,2024/2025,Abia,13.385680087518585,1.5196095826898124,0.09643171785776553,12.908041255339024,6.866666666666666,4841943,SE,tropical,0.7,South,3.242499963341163
16,149096.0,29,81092.0,22,174.0,420723.0,289702.0,0.4077868881303445,1.0537757503058645,0.9255940615111085,2024/2025,Adamawa,13.751024451646265,1.3921020254563734,0.15774841904423342,21.692023674857953,6.6375838926174495,5236948,NE,savanna,0.44,North,3.322545879775778
15,150885.0,28,46266.0,20,170.0,555107.0,162019.0,0.22592821902984972,1.1512553949475794,0.763928962720839,2024/2025,Akwa Ibom,12.562993235455052,1.6919255205765793,0.1368742546962741,17.195503358572434,2.4976958525345623,5780581,SS,tropical,0.68,South,2.940880856093877
16,200357.0,29,92235.0,21,207.0,693120.0,246006.0,0.261952070329221,0.8142064276678509,1.0409539959845038,2024/2025,Anambra,13.014160448553476,1.7984846666708771,0.09399782320830465,12.233027530476404,2.136029411764706,7299910,SE,tropical,0.74,South,2.8356513984418985
19,175420.0,29,140350.0,23,372.0,568676.0,439762.0,0.4360823372383825,0.5741032713980996,0.8286040943513937,2024/2025,Bauchi,13.64097560121703,1.162431218525792,0.1693531138807334,23.101416944372133,6.948837209302326,7540663,NE,sahel,0.4,North,4.933253216593819
15,66034.0,29,12288.0,22,65.0,195225.0,61059.0,0.23824741302617408,0.7717742701790806,0.8493597189791342,2024/2025,Bayelsa,10.861497666746704,1.9369249874088341,0.17531516360826288,19.04185240476464,5.066037735849057,2394725,SS,tropical,0.6,South,2.7142991366440823
16,149290.0,30,100297.0,21,230.0,541646.0,395846.0,0.42223933644233763,0.8146774222838173,1.0623952028393422,2024/2025,Benue,14.206859571877112,1.3376303660722462,0.14072010381922992,19.991907538997676,3.916,6687706,NC,savanna,0.52,North,3.4391463978829213
18,156364.0,30,93846.0,23,276.0,527539.0,324322.0,0.3807217374665585,0.9099058997880771,0.5543879490853207,2024/2025,Borno,13.027216049095028,1.0526048536843478,0.19526448990614148,25.437526967236405,2.658536585365854,6651590,NE,sahel,0.34,North,4.149383831535016
15,98026.0,29,42312.0,20,116.0,378000.0,110385.0,0.2260204551736847,1.0612779055788186,0.6353786722353716,2024/2025,Cross River,11.863488079099023,1.5422882558756963,0.16656470887517338,19.760384381392186,9.03921568627451,4175020,SS,tropical,0.66,South,2.778429803929083
16,233180.0,29,70435.0,22,175.0,661632.0,207429.0,0.23868174961251282,0.9597837310913109,0.7973751738932506,2024/2025,Delta,14.389763608704843,1.3878190066461022,0.0881823177954193,12.689227075437701,4.089622641509434,6107543,SS,tropical,0.69,South,2.8653093396149645
15,152848.0,29,26651.0,21,102.0,385765.0,122999.0,0.24176042330039074,0.9261535844558724,0.904516398949256,2024/2025,Ebonyi,12.85692717152194,1.8138692577790632,0.14965149253586493,19.240583406431746,11.586206896551724,4007155,SE,tropical,0.64,South,2.545446831979297
15,181546.0,29,66386.0,22,166.0,570972.0,198021.0,0.2575068953813624,0.8671925235030713,0.9321481252051393,2024/2025,Edo,14.078070700693402,1.7316684849442758,0.10408514936218934,14.653180916131344,3.5052083333333335,5527810,SS,tropical,0.7,South,3.0029975704664236
15,103515.0,29,24221.0,21,101.0,360697.0,90502.0,0.2005811183092161,1.1918117666622665,0.9289234094088163,2024/2025,Ekiti,13.451300506124314,1.6919748238346617,0.1026035935322545,13.801517696105883,6.774193548387097,3398177,SW,tropical,0.69,South,2.9721818492680048
16,171893.0,29,43821.0,22,140.0,532411.0,152047.0,0.22214219133971697,0.7955573091885135,0.8300061928286793,2024/2025,Enugu,12.83097527139055,1.6999532043467962,0.11280063318562854,14.473421350019958,7.055045871559633,5396098,SE,tropical,0.71,South,2.5944673354709273
17,103867.0,29,85473.0,22,196.0,430492.0,253650.0,0.3707563634450158,1.1459913840831542,1.0474452073831602,2024/2025,FCT,14.477131743156557,1.6304785575385181,0.08212802190847687,11.889781929738676,3.2610169491525425,4802443,NC,savanna,0.88,North,4.081256144008372
18,106489.0,28,90347.0,23,243.0,376266.0,305280.0,0.4479228107860658,0.9310149738734861,0.9283732543506824,2024/2025,Gombe,15.020238081333858,1.234781231325284,0.15162969522863254,22.775141225341528,6.066666666666666,4623462,NE,sahel,0.45,North,5.2558018212326605
16,224951.0,29,78567.0,21,196.0,737307.0,198138.0,0.21181149078780687,1.2628109859761478,0.8126673699691249,2024/2025,Imo,15.586953390415712,1.48164517278459,0.10118707131626722,15.771981643193277,2.832089552238806,6067722,SE,tropical,0.72,South,3.2302073166832628
19,172500.0,29,117243.0,23,289.0,656470.0,424849.0,0.39289885778387323,0.6873144602738535,0.9403490927856248,2024/2025,Jigawa,15.716383821363275,1.011707065356623,0.15371164388494785,24.157911931085472,2.944976076555024,6979080,NW,sahel,0.38,North,4.140946944296383
16,216291.0,28,120585.0,22,316.0,786408.0,453914.0,0.3659646446648532,0.4985531985374809,1.3320705765040186,2024/2025,Kaduna,15.101885627414246,1.1799154260041174,0.12051317133393365,18.19976130082043,1.9034090909090908,8324285,NW,savanna,0.6,North,3.796121829082017
18,363691.0,29,367044.0,22,712.0,1032101.0,1060023.0,0.5066731226256187,0.8000491003442534,0.7423548281716652,2024/2025,Kano,13.103562797269692,1.3097980368054376,0.14038916439805915,18.395982317461865,1.7210216110019647,16253549,NW,sahel,0.55,North,4.380581742485902
17,157808.0,29,201423.0,23,374.0,578917.0,659384.0,0.5324908887257621,1.0676631490673332,0.7267379446354072,2024/2025,Katsina,13.533315083186906,1.1530608191316092,0.17359869701664482,23.49365864756953,2.859060402684564,9300382,NW,sahel,0.42,North,4.021340198714419
18,131620.0,30,83563.0,23,261.0,450147.0,328421.0,0.4218269952014468,0.703816645129935,1.0477526191741031,2024/2025,Kebbi,13.209455462784153,1.3580060041877948,0.23007643986982518,30.391844854963917,2.6149584487534625,6001610,NW,sahel,0.39,North,4.348833063128061
16,152497.0,28,49891.0,21,189.0,496197.0,204695.0,0.29204927435325273,1.037095861592766,0.9396067911670354,2024/2025,Kogi,14.078046054659783,1.4564273536228665,0.11933090361183302,16.799459567915527,2.585858585858586,5053734,NC,savanna,0.53,North,3.739809020419357
16,114192.0,30,56686.0,22,187.0,351251.0,193476.0,0.35517975059066287,1.0036996295839504,1.0980754675731585,2024/2025,Kwara,13.032146347567256,1.4665324011608323,0.12645937177434027,16.480370399846183,12.808988764044944,4259613,NC,savanna,0.58,North,4.390070177736804
15,367736.0,28,122258.0,21,485.0,1303041.0,426675.0,0.2466734423454486,0.835346000847955,0.8536073661002517,2024/2025,Lagos,11.129055409270746,2.490467837889725,0.0916044624134016,10.194711379352057,2.18125,15772884,SW,tropical,0.9,South,3.074897399866759
17,79237.0,28,40980.0,22,140.0,271394.0,154687.0,0.36304599360215545,0.861346654963806,0.6798581644712902,2024/2025,Nasarawa,11.95549081434344,1.6994740381161169,0.18376426591011671,21.969919930929656,8.041379310344828,3632239,NC,savanna,0.54,North,3.854371917706957
16,162439.0,29,152407.0,23,268.0,519325.0,420768.0,0.4475812499401655,1.1853218567616688,0.9734804798428707,2024/2025,Niger,14.196107291934654,1.3008534000792398,0.12923634213985197,18.34652979034514,3.3780068728522337,6720617,NC,savanna,0.5,North,3.9877291028487414
15,275308.0,28,36302.0,21,186.0,785219.0,171350.0,0.179129785723769,1.203015970430819,0.931003511838199,2024/2025,Ogun,14.998739386604916,1.4913469396199481,0.10447807512077045,15.67039420350567,4.231155778894473,6445275,SW,tropical,0.71,South,2.885834972130747
15,193379.0,29,45853.0,21,165.0,571890.0,184538.0,0.24395976880813508,0.8319324939742554,1.1291969319697142,2024/2025,Ondo,13.999689562896148,1.694696124804438,0.11413765994290505,15.978918066360777,4.876470588235295,5469707,SW,tropical,0.68,South,3.0166149667614737
15,162563.0,29,44941.0,21,129.0,498204.0,148811.0,0.2299962133799062,0.847262961948358,0.8445226766218878,2024/2025,Osun,15.444697639776882,1.363887093496401,0.10375076590679544,16.023992093257274,7.1395348837209305,4237396,SW,tropical,0.7,South,3.0443225037263453
15,455401.0,29,53880.0,21,205.0,1105774.0,230048.0,0.1722145615209212,1.0028293686143073,0.9174326352964535,2024/2025,Oyo,17.932051131028086,1.20337675891417,0.09241327811794607,16.571596283969278,3.9539748953974896,7512855,SW,tropical,0.72,South,2.728656416235905
17,139082.0,29,89794.0,22,180.0,468881.0,310135.0,0.39811120695852203,0.9307082930393831,1.1300579546344398,2024/2025,Plateau,14.610975724008298,1.3742895702256268,0.131789871188073,19.255786085991158,3.6809523809523808,5400974,NC,savanna,0.55,North,3.332732207190777
15,291715.0,30,43713.0,21,213.0,856324.0,177942.0,0.17204664950796023,0.7930668473027911,0.843846128145457,2024/2025,Rivers,14.452728434508325,1.4496232490572858,0.10605833112577714,15.328322579780187,3.7548387096774194,7234973,SS,tropical,0.7,South,2.9440331014365912
19,136477.0,28,96197.0,23,253.0,445580.0,326908.0,0.42318845082383155,1.0171614250131684,0.6291572612191416,2024/2025,Sokoto,12.762163471593512,1.3518427168567781,0.1893062922411119,24.159578477823242,2.8705583756345177,6163187,NW,sahel,0.4,North,4.105019042907509
17,74885.0,29,84342.0,21,177.0,278627.0,222127.0,0.44358507370884703,1.0037257794502645,0.7950116269582725,2024/2025,Taraba,11.788540092823332,1.2399493994117485,0.2267626981236268,26.732011583871685,19.0,4331885,NE,savanna,0.41,North,4.0859810452031855
18,93618.0,29,66965.0,23,205.0,318195.0,247515.0,0.4375298297714377,0.9059556423326818,0.933673481860601,2024/2025,Yobe,13.262340644000403,1.2278041129011292,0.192732661426603,25.560862090644058,5.962365591397849,4350401,NE,sahel,0.33,North,4.712209288293194
17,94253.0,29,77633.0,23,274.0,405537.0,305485.0,0.42964212077826003,1.0515615321466818,1.0067259203569625,2024/2025,Zamfara,13.147376133899913,1.061417474791335,0.1956040774972603,25.716803801809892,3.4271186440677965,5517793,NW,sahel,0.36,North,4.965753517756103
16,134296.0,27,11841.0,22,427.0,458837.0,49202.0,0.09684689561234472,1.0872235511249704,0.8915118636072159,2025/2026,Abia,10.967126213588223,1.422539932432178,0.12730169371513797,13.961337421774688,4.635910224438903,4841943,SE,tropical,0.7,South,8.818773785647622
17,102301.0,26,26131.0,21,685.0,362166.0,102607.0,0.22076798781340568,0.9107539236594304,0.7384889944283444,2025/2026,Adamawa,9.57271296182433,1.3644034325517935,0.16237198744110526,15.543404288146455,4.591331269349845,5236948,NE,savanna,0.44,North,13.08013751520924
14,129895.0,26,9872.0,21,500.0,512994.0,45694.0,0.08178804627985566,0.988085694457026,0.5747316993287819,2025/2026,Akwa Ibom,10.11723562043331,1.44382603640343,0.12020484410132773,12.161407304905856,2.1415313225058004,5780581,SS,tropical,0.68,South,8.649649576746697
15,143694.0,28,16260.0,20,617.0,628442.0,65510.0,0.09440134187955362,0.9501019428896704,0.8508418170608216,2025/2026,Anambra,9.969958533735348,1.5408121484257995,0.12421028911868404,12.383714319765586,2.5235655737704916,7299910,SE,tropical,0.74,South,8.452158999220538
17,147371.0,27,41401.0,22,1213.0,494282.0,150943.0,0.23393854856832888,0.8874669389615581,0.6042331453000713,2025/2026,Bauchi,9.404875937301535,1.3650784698035787,0.15524753592126228,14.600838149112352,3.1259105098855358,7540663,NE,sahel,0.4,North,16.086118687441676
15,48473.0,26,9688.0,20,203.0,163902.0,28379.0,0.14759128567045107,0.9273517913590577,0.8684439884791568,2025/2026,Bayelsa,8.55363350697888,1.8351266378956823,0.18404967876740416,15.742934992535677,5.8396946564885495,2394725,SS,tropical,0.6,South,8.47696499598075
17,133975.0,27,21156.0,21,759.0,466947.0,94495.0,0.16830767915474795,1.0377612023039173,1.3135932246967696,2025/2026,Benue,9.022570669224994,1.3617764578565237,0.14600524027888492,13.173425984934147,5.354929577464789,6687706,NC,savanna,0.52,North,11.349183113013641
18,85615.0,27,36186.0,22,1029.0,346412.0,140261.0,0.28820378364939087,0.7430031858221859,0.7834839363695032,2025/2026,Borno,8.135227817709751,1.3780626180417725,0.20697735445980758,16.838079316373978,5.214380825565912,6651590,NE,sahel,0.34,North,15.469985371918593
16,87540.0,26,12686.0,21,339.0,316126.0,49661.0,0.13576480301377578,0.7375621692130689,0.7576790424544062,2025/2026,Cross River,9.198638569396074,1.845356663932612,0.1364423439961463,12.550838079817582,3.7302452316076296,4175020,SS,tropical,0.66,South,8.119721582172062
15,146268.0,26,14515.0,22,462.0,518112.0,57091.0,0.09925365479665439,0.7904943439530872,0.6941800548097827,2025/2026,Delta,9.8491652044038,1.5550036406435461,0.13049795359260036,12.852959037701412,7.016990291262136,6107543,SS,tropical,0.69,South,7.564416656583506
15,114085.0,28,9035.0,21,309.0,396117.0,38103.0,0.08775044908111096,0.8751624854302511,0.7141878441801626,2025/2026,Ebonyi,11.265972990812683,1.3357108839393503,0.10211653689818251,11.504421466102508,3.372043010752688,4007155,SE,tropical,0.64,South,7.7112065792313995
16,155242.0,27,12587.0,21,343.0,520925.0,52154.0,0.09100665004301327,0.7444393946378591,0.792706366423555,2025/2026,Edo,10.739967545917823,1.534989093542872,0.09213640230088346,9.895419705091166,7.471389645776567,5527810,SS,tropical,0.7,South,6.204988955843272
15,99213.0,28,9825.0,22,268.0,339911.0,33773.0,0.09037850162169106,0.8818669784726323,0.7608035995305338,2025/2026,Ekiti,11.426126420136443,1.4327289584835685,0.1019882558978057,11.653307052575542,2.270152505446623,3398177,SW,tropical,0.69,South,7.886581540631933
17,109500.0,27,15808.0,21,392.0,483473.0,56825.0,0.10517344132312169,0.8845561962399477,0.6329346580003339,2025/2026,Enugu,10.436263388841343,1.540084275798143,0.11559954612528434,12.064273109939812,4.307565789473684,5396098,SE,tropical,0.71,South,7.264508539318596
16,149814.0,27,27297.0,21,544.0,357305.0,91087.0,0.20314144766186729,0.7400217451427133,0.9809093531792645,2025/2026,FCT,9.969550913982738,2.054170791717316,0.0918998625679328,9.162003588590224,6.640909090909091,4802443,NC,savanna,0.88,North,11.327568073166095
18,65961.0,28,19048.0,23,739.0,247248.0,64634.0,0.20723863512482285,0.9913207128279744,0.7242875440444072,2025/2026,Gombe,7.580077439805929,1.5847652527235478,0.236259565944382,17.90865805753351,6.55441478439425,4623462,NE,sahel,0.45,North,15.98369360448945
15,146974.0,28,16561.0,22,499.0,578839.0,64754.0,0.1006132757814333,0.9349991554621564,0.5483226840259299,2025/2026,Imo,11.062355856118655,1.3618221988489838,0.1163530398535233,12.871387318008306,3.3669421487603306,6067722,SE,tropical,0.72,South,8.223844137882388
19,128232.0,27,34873.0,23,966.0,448697.0,136943.0,0.23383477904514718,1.0869311852990355,0.5781697391667979,2025/2026,Jigawa,9.139886632622066,1.252743462720261,0.2102276290211325,19.214566962980793,1.8409961685823755,6979080,NW,sahel,0.38,North,13.8413659106931
17,199737.0,28,73775.0,22,1096.0,603099.0,196595.0,0.24583778295197914,0.8259291759359311,0.6601578042357055,2025/2026,Kaduna,10.293040183030735,1.3621265560408113,0.13760150883147257,14.163378596480058,3.453222453222453,8324285,NW,savanna,0.6,North,13.166295964157882
18,385060.0,28,91889.0,23,2190.0,1014959.0,313229.0,0.2358318250127241,0.6439712211084458,0.6824987087020675,2025/2026,Kano,8.871613208905945,1.2788220412329954,0.14577461663078936,12.932560144249111,5.104285714285714,16253549,NW,sahel,0.55,North,13.473980359612538
18,181052.0,27,58929.0,23,1445.0,541729.0,207652.0,0.27709803157539353,0.6531418876880313,0.9088359496783616,2025/2026,Katsina,8.877936411644168,1.3441009977206722,0.16410676265196528,14.569294035449296,3.6365868631062,9300382,NW,sahel,0.42,North,15.536996222305708
17,83973.0,27,30910.0,22,878.0,324808.0,116031.0,0.2632049342276886,0.8430085028398571,0.8062651318389049,2025/2026,Kebbi,8.151096122540451,1.408430550473531,0.22547153805113276,18.3784017955182,2.5573122529644268,6001610,NW,sahel,0.39,North,14.62940777558022
16,75734.0,27,29324.0,21,473.0,318884.0,89757.0,0.21964756350929054,0.6542561062239782,0.5969660396413365,2025/2026,Kogi,8.631696879970335,1.8167313507082388,0.1845386419331397,15.928816198082448,4.312989045383412,5053734,NC,savanna,0.53,North,9.359416225705587
17,88274.0,27,16605.0,21,534.0,331253.0,69432.0,0.17328325243021325,1.0593067545670607,0.7018183158931239,2025/2026,Kwara,10.083826864083662,1.3989644543363475,0.14178221878695882,14.297073466533227,2.748062015503876,4259613,NC,savanna,0.58,North,12.536350133216327
15,662705.0,28,48025.0,21,1272.0,1770592.0,163965.0,0.08475583815829671,0.7939097595243112,0.6831086700390836,2025/2026,Lagos,12.694083085883342,1.5316975182085113,0.04809654069501749,6.105414837261214,1.8103545301069217,15772884,SW,tropical,0.9,South,8.064473180681478
16,73960.0,27,17511.0,22,409.0,227745.0,70323.0,0.23592938524095172,0.5991461209371227,1.0041255556569793,2025/2026,Nasarawa,8.798567495145557,1.9174867406167373,0.13392368227545098,11.78336557698984,7.975124378109452,3632239,NC,savanna,0.54,North,11.260272245301039
17,117784.0,27,40152.0,21,791.0,454976.0,125638.0,0.216388168387259,0.9357566273762723,0.6915871564648137,2025/2026,Niger,9.328830968942286,1.3597467122839757,0.14578398768651657,13.599941791058768,8.292915531335149,6720617,NC,savanna,0.5,North,11.769752687885651
15,238288.0,26,13876.0,22,592.0,642396.0,59662.0,0.08498158271823696,1.0473052539462486,1.1963451975518118,2025/2026,Ogun,11.388373653567923,1.2586987678675552,0.10885380620480319,12.396678186733693,2.6982543640897756,6445275,SW,tropical,0.71,South,9.185023137104313
16,176702.0,28,17516.0,20,483.0,518071.0,65310.0,0.1119508520160924,0.9592337058326894,0.6604252264337536,2025/2026,Ondo,11.13213194052259,1.5335977467379434,0.0886852412977607,9.87255807303755,2.9842829076620827,5469707,SW,tropical,0.68,South,8.830454720883587
16,80190.0,27,9540.0,22,365.0,292124.0,37611.0,0.11406432438170046,0.9325297249855762,0.4515827428412651,2025/2026,Osun,8.223635459135751,1.9657472135174536,0.1871046982793255,15.386808313407574,2.4618834080717487,4237396,SW,tropical,0.7,South,8.6137807275978
15,189811.0,28,19088.0,21,645.0,535505.0,63877.0,0.10657143524496898,0.6502692009048161,0.6820240390740135,2025/2026,Oyo,8.455666986784651,1.939986966007726,0.12309881592161974,10.408825939007208,8.73546511627907,7512855,SW,tropical,0.72,South,8.585284821815408
17,94813.0,27,21472.0,22,647.0,450041.0,77633.0,0.14712303429769139,1.1705710307293327,0.8543777355843423,2025/2026,Plateau,10.423897615504167,1.229147128200756,0.1291314974280274,13.460535081264972,5.746987951807229,5400974,NC,savanna,0.55,North,11.97932076695796
15,126566.0,27,30101.0,20,582.0,516307.0,79508.0,0.13344410597249146,0.8020338509673106,0.8428084316972377,2025/2026,Rivers,8.667205807126026,1.9431642400369975,0.14798985759165642,12.826585531141582,4.809330628803245,7234973,SS,tropical,0.7,South,8.044259460263362
18,148251.0,28,36352.0,22,839.0,354586.0,120504.0,0.25364457260729545,0.7557341790329977,0.670138889604849,2025/2026,Sokoto,8.461936981629796,1.1706054359810172,0.17046162695939793,14.42435545116512,4.284810126582278,6163187,NW,sahel,0.4,North,13.613086865610276
17,112654.0,26,21946.0,21,404.0,350679.0,79804.0,0.1853824657419689,1.2439319866696765,0.8608358315479032,2025/2026,Taraba,10.496977643681676,1.151045595392299,0.15921991040581285,16.71327839958817,8.584569732937686,4331885,NE,savanna,0.41,North,9.326194024079587
17,75284.0,26,26809.0,23,644.0,244254.0,96037.0,0.28222021740216463,1.1099015601841655,1.0398163274575047,2025/2026,Yobe,8.598540686249383,1.122246846186954,0.21386314362781397,18.38910941772954,5.600997506234414,4350401,NE,sahel,0.33,North,14.803233081272278
17,94288.0,26,36236.0,22,869.0,260138.0,112866.0,0.30258656743627416,0.9117963854451254,0.8611882397991035,2025/2026,Zamfara,7.612500142720106,1.5186576580437194,0.23188157374738716,17.651985132461476,6.521484375,5517793,NW,sahel,0.36,North,15.74905039025567
