season,climate,peak1_week,peak2_week,wave2_share,attack_rate_pct,hosp_per_case_pct,cfr_pct,growth_wave1,baseline_per_100k
2023/2024,sahel,16.7,26.8,0.22542474698420206,7.248151165538391,1.2595113992251705,0.17724938643259405,0.8389991703501121,18.52013171964516
2023/2024,savanna,15.0,27.3,0.16086930515561942,7.700351390361233,1.4706493400550236,0.13961431319500195,0.871634251189878,15.366511098814858
2023/2024,tropical,13.823529411764707,26.647058823529413,0.08990363197126892,7.547980141140364,1.782796632743336,0.1263191360396253,0.9725005727376475,11.065837020450191
2024/2025,sahel,18.1,29.0,0.44089771512012366,13.642302714574376,1.192345353356613,0.17916662753499596,0.864854609936757,4.501312266694307
2024/2025,savanna,16.4,28.9,0.38662997818361566,13.719820771943095,1.4077652537687686,0.14184531688537155,0.9534895830602157,3.8029763721854906
2024/2025,tropical,15.235294117647058,28.823529411764707,0.22447526162019082,13.696398337076984,1.6464447627846621,0.11412567638829413,0.969231855468694,2.9068665154171063
2025/2026,sahel,17.7,27.1,0.25778018946492304,8.483369138112913,1.342351333292805,0.19602713470150707,0.8626275759209378,14.91869182691795
2025/2026,savanna,16.7,26.9,0.20158087671893749,9.662167219539047,1.50155992197048,0.1432258537635302,0.9177434673545435,11.5154490748693
2025/2026,tropical,15.352941176470589,27.11764705882353,0.10390214609381132,10.243972987257814,1.589464289571903,0.12086644378571547,0.8815955999647459,8.158593611623806
