location,level,peak_week_median,peak_week_date,peak_week_50,peak_inc_100k,cum_cases_med,cum_cases_lo,cum_cases_hi,cum_hosp_med,cum_hosp_lo,cum_hosp_hi,cum_deaths_med,cum_deaths_lo,cum_deaths_hi,attack_rate_med,attack_rate_lo,attack_rate_hi,deaths_100k_med,P_main_peak_wk13_18,P_peak_after_wk22
Nigeria,national,15.0,2026-10-04,15-16,1368.4112971028035,19446690.277518384,13091948.95271691,28791737.222712692,291054.81177110143,195692.64813725738,420385.5164547404,26738.45573883959,18752.36230337726,38108.97735281998,8.473431946235392,5.70450482376844,12.545313494944036,11.650645010395923,0.963,0.0245
North,region,17.0,2026-10-18,16-17,1277.4331525386078,10391423.872108245,7230561.897717485,15409658.819974046,143550.49227886694,98810.28592728487,204370.15878810553,17014.28736008767,12028.072156582219,24058.303422532703,8.128958933979256,5.656293252929898,12.054602456399095,13.309864455852916,0.926,0.056
South,region,15.0,2026-10-04,14-15,1932.5806887430476,8740164.577097181,4930615.097199457,12872523.150511587,143026.1622622433,80763.32248114387,211494.50551683374,9468.523409149064,5149.141332758466,13671.932840320193,8.596620444043852,4.849637117516812,12.661111207458362,9.313017071474029,0.975,0.0175
Abia,state,15.0,2026-10-04,14-15,2010.2985058627519,401283.5297655008,225916.1338567297,576156.3423330989,6069.124199320398,3377.4275013264946,8839.736236972194,418.8640711100597,225.04927121755716,626.2666305966816,8.287654971681839,4.665815641710976,11.899279738177398,8.650743536428655,0.971,0.0195
Adamawa,state,16.0,2026-10-11,15-17,1585.236241324366,413434.553181207,270389.9834697994,613956.310380189,5509.747097904488,3595.736262426402,8374.758304792207,639.722996141543,436.03564468455795,941.8290602395973,7.894570524305511,5.163121410978292,11.723551778253077,12.215568994413216,0.9575,0.0385
Akwa Ibom,state,15.0,2026-10-04,14-15,1748.1654663120812,454713.56772740185,256206.30361360215,672674.51761222,7213.354312097365,3961.3471811738245,10667.961120284965,565.1738372732513,303.36561501927645,824.6352849775253,7.866226037268604,4.432189491222459,11.636797713105656,9.777111284717769,0.9705,0.0185
Anambra,state,15.0,2026-10-04,14-15,1901.1016190202213,603554.8517128043,348781.8792088186,873418.8938422474,9540.85380984927,5330.357854177158,14420.18219199571,652.3707699204501,358.3239028742035,918.8147108699541,8.267976614955586,4.777892867293139,11.964789892508913,8.936696067765906,0.973,0.0195
Bauchi,state,18.0,2026-10-25,17-18,1317.7929796262133,568587.8752054286,377011.63095544983,843816.6343940516,7908.149125565249,5167.135042282814,11268.94555961949,999.4222498889146,687.7394630442105,1458.3580801740873,7.540290226541467,4.999714626624342,11.190218080214587,13.253771583333119,0.7765,0.072
Bayelsa,state,15.0,2026-10-04,14-15,1639.2862393180872,173536.66008296638,105508.08510280307,245682.0141455292,2870.7875298277513,1645.8139320725475,4281.345683813877,263.22051497308485,141.89491727042886,403.7615549773039,7.246621640604511,4.405853912361673,10.25929967514137,10.99168025443777,0.9675,0.0215
Benue,state,16.0,2026-10-11,15-17,1627.4556198946825,538443.8311484929,358565.33554829686,787709.3854618492,7181.7910444758345,4738.366054692089,10381.644976608271,773.3495307247113,519.560689745376,1138.2647191852454,8.0512485319853,5.361559487637418,11.778469111259513,11.563748925636254,0.9685,0.0265
Borno,state,18.0,2026-10-25,17-18,1305.1556980405126,507388.6698935627,355641.00382268766,755071.42258511,6094.992008103561,4136.678335429247,8655.451549915555,971.0231260121598,669.028888582361,1411.380467806229,7.628080953479734,5.346706634393997,11.351743306263764,14.598361083773348,0.758,0.069
Cross River,state,15.0,2026-10-04,14-16,1588.8447412351243,304390.97683382535,178108.23745934502,448822.597891769,5411.93779587906,2985.1195043059615,7631.787908384373,406.8820762487945,222.6670111178351,660.3925376617176,7.290766914501615,4.26604513174416,10.750190367753186,9.745631787363761,0.969,0.021
Delta,state,15.0,2026-10-04,14-16,1815.940744782085,490063.8144949192,278005.1960120431,740747.8442778343,7477.676318934635,4229.71426048694,10968.167436823838,527.0231406040396,292.6789862361212,760.7120406344621,8.0239109981693,4.551833626255977,12.128409808622456,8.629053296948372,0.969,0.0165
Ebonyi,state,15.0,2026-10-04,14-15,1781.199840958214,315854.94987256586,176300.3516716788,473560.57272373344,5378.868391253043,3110.6639155522403,7980.265824522092,382.98837643532863,211.86368813849325,603.3595930461369,7.8822743286088475,4.399638937642264,11.817875094018907,9.557613230217662,0.949,0.0195
Edo,state,15.0,2026-10-04,15-16,2015.6952978849126,469795.9579403535,269880.047420171,698758.8520701753,7370.271707899681,4274.330200018747,11485.706353146426,455.02704761568657,258.9732368324354,672.8881524542454,8.498771809095347,4.882223654940582,12.640789970534,8.231597099315762,0.977,0.0155
Ekiti,state,15.0,2026-10-04,14-15,2165.201530784168,310443.3655947977,172342.0109171934,447101.5848868467,4512.297447476603,2448.2625439628514,6813.183936874694,291.33773443984734,150.43318613798505,437.98571625588346,9.135585509371575,5.071601947667629,13.15710114237271,8.57335372583145,0.977,0.015
Enugu,state,15.0,2026-10-04,15-16,1821.4322413692385,447756.51244994404,265301.2722495829,648400.8972550764,7263.945462911588,4139.946673977446,10339.18276192591,471.09257282718295,270.4351982002071,684.9657409337066,8.29778318425544,4.916539177931591,12.01610677298812,8.730244944164895,0.97,0.019
FCT,state,16.0,2026-10-11,15-16,1718.4672749819733,389719.58422744833,258220.23452923755,587855.7497073805,7448.988176641807,4968.79650683369,10829.241775508242,335.47847275499095,226.2639955419001,484.66806065211705,8.115027793717662,5.376851625917008,12.240764746346402,6.985579480172715,0.961,0.0325
Gombe,state,18.0,2026-10-25,17-18,1286.3368267687183,338452.18393761513,228661.86076860802,543128.2250694039,4799.091389939134,3214.6594471143535,7041.410982650848,648.1955540335384,445.31728322498105,915.5267478049032,7.320319361067856,4.9456848735559635,11.74721940116311,14.019701125120928,0.8545,0.065
Imo,state,15.0,2026-10-04,14-15,2138.1119136053926,547531.9193972999,304880.73315896693,832465.3737495749,7745.529884051231,4486.655760630913,11668.132774224825,580.0718100539733,310.54624788708134,849.723562188849,9.023681694667289,5.024632525335981,13.71957010801706,9.559960229785961,0.974,0.018
Jigawa,state,18.0,2026-10-25,17-18,1431.276754548111,567219.4024945813,378863.5431294967,894183.9022979984,6744.728184172418,4441.077658521965,9773.657747686104,1032.5204507299952,695.1488810298506,1492.7753768523803,8.127423707631685,5.428559969644949,12.812346359376857,14.794506592989265,0.7515,0.0575
Kaduna,state,16.0,2026-10-11,16-17,1696.8389098624682,674762.8579527927,415087.8652196283,1052997.2238893276,9527.926506627322,6354.108788389682,13606.143544527591,921.1962934334263,609.5559545686053,1313.0994981606686,8.105955742178368,4.98646869033951,12.64970173281342,11.066371387253394,0.9585,0.0365
Kano,state,18.0,2026-10-25,17-18,1240.6754170403992,1176809.8205506136,800776.2658701559,1764796.0058427397,17078.292389293554,11955.569903134918,24576.521726263833,1863.1610919187895,1347.868399573635,2628.8906081349382,7.240325300958048,4.9267779355152275,10.8579117449533,11.463103177766218,0.7595,0.081
Katsina,state,17.0,2026-10-18,16-18,1342.3289295119885,702588.3645380801,490325.66215545224,1034529.1576532989,9041.260934059515,6028.63309650044,12778.716215164199,1219.5311514816285,861.6343641437044,1778.250409423419,7.554403298037435,5.272102394884986,11.123512535864645,13.11269958031432,0.8145,0.1015
Kebbi,state,17.0,2026-10-18,17-18,1174.052755275401,437742.67818949453,303839.13206217304,655827.7854570915,5831.4828237471,3690.1175679315074,8818.241302268723,908.1137097261392,534.8446700375342,1403.4593071941765,7.293754145795787,5.062627062774373,10.927530870168031,15.131168298608857,0.795,0.079
Kogi,state,16.0,2026-10-11,15-17,1553.098789323264,393483.4190792291,261601.40568576983,599410.7027792569,5854.105799235478,3706.010894709224,8667.759502080902,563.6968229016016,372.96751775465015,789.0209749921694,7.785993862740483,5.17639839543929,11.860748958676037,11.154065942164776,0.965,0.031
Kwara,state,16.0,2026-10-11,15-17,1501.6605469673636,332795.77547292324,211885.60402725462,487291.0262659228,4889.265491347024,3132.554988428029,7047.040623112443,429.6177600247408,276.96622455427655,616.3842925359475,7.812817161392907,4.9742923600630995,11.439795734164647,10.085840193105355,0.969,0.026
Lagos,state,15.0,2026-10-04,14-15,1952.8233336781427,1298729.4273119168,733022.9169057402,1909993.4903802746,23815.066278442482,13291.341375546874,36436.74544812872,883.8523329752902,485.34169284223685,1335.6289836194214,8.233937606539913,4.647361363373624,12.109348489345859,5.603619052643069,0.9625,0.0185
Nasarawa,state,16.0,2026-10-11,15-17,1474.0514442350363,273274.8137382404,186113.6483807938,386989.9231695907,4470.277082208735,2736.45183285064,6642.097965483888,380.1570207671476,253.46283925453216,582.9285468427098,7.523591199209093,5.123937284435133,10.654307802146024,10.46618960831453,0.9635,0.031
Niger,state,16.0,2026-10-11,15-16,1493.7313868072024,513680.32525021187,336201.1596459931,768715.8422376788,7083.753519081311,4696.572250083254,10471.294558511398,732.5022358776322,498.9591787964408,1058.7677443369348,7.643350681198049,5.0025341370590395,11.43817364146296,10.899330163847043,0.956,0.041
Ogun,state,15.0,2026-10-04,14-15,2182.927747435156,545422.271471316,297868.7203072737,851623.2184823221,8119.652362249697,4551.468287021575,12168.178758528145,612.3333210775534,325.78216531323784,889.4811581739708,8.462358417155453,4.62150521594926,13.213140145025962,9.50049952992779,0.976,0.016
Ondo,state,15.0,2026-10-04,14-16,1934.4415461359306,453463.2405792227,252855.98680034681,682773.6902073531,7737.528389970617,4350.793080495746,11322.120465062822,467.90783018024354,248.1017081423247,710.2801330646108,8.29044847519662,4.622843358891926,12.482820198730078,8.554531900524902,0.968,0.0205
Osun,state,15.0,2026-10-04,15-16,1759.843843856852,324255.0998619583,191914.9508062314,531514.9526332221,5155.801274283238,3027.8863637379545,7655.3688891087895,447.4667088119154,249.10605740961975,654.3446806834908,7.652225561688317,4.529077546829029,12.543433576498918,10.559945513988199,0.9685,0.0185
Oyo,state,15.0,2026-10-04,14-15,1981.8793038836457,596905.2229538261,343759.58961987105,1046281.2913579304,9956.955324157041,5240.209598719575,14311.380921312428,696.8364028939388,372.5281255758508,1048.6629781822523,7.945118373159419,4.5756185846774775,13.926547116348319,9.27525425279656,0.975,0.016
Plateau,state,16.0,2026-10-11,15-17,1539.5970565311345,439930.34625450446,280641.9952524465,668526.1066495574,6148.649086640429,4114.268154622678,9011.141598117,583.1138889396115,382.8887616045558,850.2784482531865,8.145389077127653,5.196136757045053,12.377880483215757,10.796457989607273,0.97,0.0255
Rivers,state,15.0,2026-10-04,14-15,1850.0844233660741,579882.5921192687,343445.1368399163,906572.0401787272,9927.43281030251,5363.615670147087,14164.755305749512,671.5290053676861,383.4671208365029,991.0416931710168,8.014993174394275,4.747013386779968,12.53041359212712,9.2817071379214,0.9685,0.0195
Sokoto,state,18.0,2026-10-25,17-18,1325.5581848068368,452402.89649430825,315182.3087628833,665973.0602533913,5923.06453945624,4047.822064721569,8726.44353377129,800.5655113117056,567.888475472114,1142.9720785050479,7.3404051587970365,5.113950116439486,10.805660452187986,12.98947300011675,0.7715,0.0845
Taraba,state,16.0,2026-10-11,16-17,1566.0628163746742,335598.2144886857,229712.95034466655,476609.7066704869,4130.7805251042955,2731.3826776028345,5837.674635114823,574.9565273115934,372.8168555586931,870.8704527252357,7.747163520931089,5.302840457322079,11.002362866754009,13.272663685937957,0.957,0.0375
Yobe,state,17.0,2026-10-18,17-18,1290.3465328296902,331506.7000795831,231790.97951034558,499775.6238639748,3915.7682227448754,2706.313116015186,5790.121279554599,652.7585928054776,457.6833382996798,937.3143255538075,7.620141225592379,5.328037105323062,11.488035789435843,15.004561483078861,0.8425,0.09
Zamfara,state,17.0,2026-10-18,17-18,1268.1076350847554,393547.7521315942,274583.90980927803,598168.2846869738,5055.004243194555,3356.2218741292663,7183.601255823461,796.2339399517036,539.4973632940441,1155.1483579820333,7.132339907125806,4.976335825016959,10.840716291585672,14.43029740245246,0.854,0.0795
