season,series,MAE,RMSE,R2,obs_peak_week,fit_peak_week,obs_total,fit_total
2023/2024,cases,178947.63797621438,433940.5046454731,0.5388598721251375,14,14,16970263.0,21905985.789432947
2023/2024,hospitalizations,1547.2082001372717,3585.92223282585,0.8809912929965932,14,14,265455.0,295994.85682721366
2023/2024,deaths,157.11601723735163,366.29745452840507,0.8349888342197873,15,15,24242.0,29031.487113429197
2024/2025,cases,201421.78796469208,466280.37254972267,0.8358973216770025,16,15,31381617.0,23472311.52590638
2024/2025,hospitalizations,2849.1399039299495,5951.750473637028,0.8772266983722891,16,16,455081.0,315146.97790001245
2024/2025,deaths,250.00402457868447,568.6275560521046,0.8565412676276525,16,16,42364.0,30710.81415649158
2025/2026,cases,155274.70708573467,337079.30438451853,0.8505535956167659,15,15,22140320.0,23905664.082805064
2025/2026,hospitalizations,1039.2508701942288,2242.0177293347024,0.9683972984912619,16,16,326034.0,322398.9612878735
2025/2026,deaths,80.490917017828,154.57259316469109,0.98284846998202,16,16,30434.0,31376.269870201722
