rank,parameter,PRCC,p_value
1,p_c,0.796890547751595,5.763623352393626e-215
2,theta,-0.4545067254161657,8.095694126170858e-51
3,beta_0,0.33427889375797837,7.418861273076326e-27
4,kappa,0.19317588349930048,1.2137180215854944e-09
5,eta_I,0.18510731376346484,5.8862601413663685e-09
6,gamma_I,-0.1422759110518808,8.3007583236351e-06
7,omega,-0.07437511409409714,0.020264940225612475
8,sigma,0.05476044660079289,0.08761696014352623
9,phi_H,0.0351159231360002,0.27357698449327145
10,gamma_Q,-0.03187558256236461,0.32033033891535667
11,rho,-0.03035135449031806,0.34402810943940454
12,gamma_A,-0.02910938044708405,0.36414266971653597
13,phi_A,0.028558809947251077,0.3732896841280453
14,eta_Q,0.023401022226990812,0.46570568850306504
15,delta_I,-0.022542864471545597,0.48222682338978246
16,eps_V,0.02206499839389291,0.4915627410435007
17,phi_I,-0.020532115698029228,0.5221525342927396
18,eta_T,0.019219353596851726,0.5491052785712347
19,gamma_H,0.018551878334160353,0.5630674342465125
20,delta_H,0.016898883777453296,0.5983622235608946
21,alpha_H,-0.01652132706807734,0.606562323460161
22,alpha,-0.016404903884968496,0.6091009823811186
23,eta_H,-0.014644452138759208,0.6480478006538508
24,mu,-0.011236377987355228,0.7261611695596222
25,gamma_T,0.005686176036675522,0.859325166066992
26,alpha_A,-0.004519621093101346,0.8879708071528724
27,xi,0.003959267634560666,0.901785219639799
