state,climate,hc_access,rho,delta_I,rho_fitted,delta_I_fitted
Yobe,sahel,0.33,0.0003895734908581621,4.5315195368188894e-05,0.00040407171938494044,5.606997423583354e-05
Borno,sahel,0.34,0.00040430443454647164,4.648410494117518e-05,0.00040749404000950596,5.376883970116591e-05
Zamfara,sahel,0.36,0.0004186913931575726,4.6878848423816805e-05,0.0004144258836829699,4.944601328658793e-05
Jigawa,sahel,0.38,0.0003921254667153074,4.385675037872593e-05,0.000421475644312255,4.547072697729082e-05
Kebbi,sahel,0.39,0.00043970772107686804,4.883010775517005e-05,0.0004250453689949862,4.3604589858629244e-05
Sokoto,sahel,0.4,0.00042690398037522763,3.7132093261450106e-05,0.00042864532777186327,4.181503976588846e-05
Bauchi,sahel,0.4,0.0004631130433168066,3.823987790183821e-05,0.00042864532777186327,4.181503976588846e-05
Taraba,savanna,0.41,0.00040912865423678495,4.0147878028886075e-05,0.0004322757767131808,4.00989335363926e-05
Katsina,sahel,0.42,0.00040377083372136556,3.7107686675740916e-05,0.00043593697405804196,3.845325700413971e-05
Adamawa,savanna,0.44,0.0004493813368660576,2.9891297396786263e-05,0.00044335265786922795,3.536174980353985e-05
Gombe,sahel,0.45,0.0004751483727155354,4.487281103542219e-05,0.00044710767182390746,3.3910489217313326e-05
Niger,savanna,0.5,0.0004700944801127902,2.3794728732297335e-05,0.00046636521443712084,2.7500183795008592e-05
Benue,savanna,0.52,0.0004438154995795638,2.7718565857534892e-05,0.00047429851024960483,2.5289265322980733e-05
Kogi,savanna,0.53,0.0004999759585815966,2.7728380646746087e-05,0.0004783156227966019,2.425138359422666e-05
Nasarawa,savanna,0.54,0.0005453070670162419,2.162912902687122e-05,0.00048236675862823203,2.325609695351188e-05
Kano,sahel,0.55,0.00047330795838618846,2.6112019976572354e-05,0.0004864522059076684,2.2301657281108676e-05
Plateau,savanna,0.55,0.00047532115649846475,2.2999357593862092e-05,0.0004864522059076684,2.2301657281108676e-05
Kwara,savanna,0.58,0.0005047453526473011,2.485746795440713e-05,0.0004989173347980883,1.9666997484188104e-05
Kaduna,savanna,0.6,0.000496050136288743,2.315010384188864e-05,0.0005074043717390972,1.808583975988922e-05
Bayelsa,tropical,0.6,0.0006079937010824082,2.7889736245074814e-05,0.0005074043717390972,1.808583975988922e-05
Ebonyi,tropical,0.64,0.0006019357073044012,1.5889525834433653e-05,0.000524814018140246,1.5294662976689084e-05
Cross River,tropical,0.66,0.0006390138729869293,1.9602131343569392e-05,0.0005337415811821639,1.4065025634965572e-05
Ondo,tropical,0.68,0.0005861271750439676,1.0638141328795306e-05,0.0005428210101787105,1.2934246829351375e-05
Akwa Ibom,tropical,0.68,0.0005667291507007637,1.952725154992459e-05,0.0005428210101787105,1.2934246829351375e-05
Delta,tropical,0.69,0.0005319077660205829,1.2048256927197869e-05,0.0005474184800076057,1.2403420081799307e-05
Ekiti,tropical,0.69,0.0005045432818022205,8.954834654562132e-06,0.0005474184800076057,1.2403420081799307e-05
Abia,tropical,0.7,0.0005142456672634759,1.3588043477713018e-05,0.0005520548885076859,1.1894378679743914e-05
Rivers,tropical,0.7,0.000587455012532115,1.2063873629040405e-05,0.0005520548885076859,1.1894378679743914e-05
Osun,tropical,0.7,0.0005583723691875751,2.30499962781382e-05,0.0005520548885076859,1.1894378679743914e-05
Edo,tropical,0.7,0.0005362298219818124,8.229843454841544e-06,0.0005520548885076859,1.1894378679743914e-05
Enugu,tropical,0.71,0.000562075018066385,1.1678841565415798e-05,0.0005567305654734189,1.1406228543750433e-05
Ogun,tropical,0.71,0.0005296155744046277,1.4473792649238592e-05,0.0005567305654734189,1.1406228543750433e-05
Imo,tropical,0.72,0.0004914979859928599,1.4288757038582634e-05,0.000561445843492494,1.0938112287767535e-05
Oyo,tropical,0.72,0.0005813122580264113,1.1805550528131403e-05,0.000561445843492494,1.0938112287767535e-05
Anambra,tropical,0.74,0.00055148567106648,1.1600832933463164e-05,0.0005709965471496943,1.005872636488038e-05
FCT,savanna,0.88,0.0006246935827710604,-3.007855441159671e-06,0.000642558627824591,5.59432005518108e-06
Lagos,tropical,0.9,0.0006673950486536123,-7.720494311713693e-06,0.0006534891336033053,5.144556313940897e-06
