,gain_importance
week_sin,1180
horizon,705
week_cos,671
origin_week_sin,482
climate,446
cases_per_100k_lag1,403
cases_per_100k_roll_std4,395
cases_per_100k_lag4,370
origin_week_cos,366
cases_per_100k_roll_mean4,341
hosp_per_100k_lag1,270
cases_per_100k_growth_ratio,269
hosp_per_100k_roll_std4,257
hosp_per_100k_roll_mean4,239
log_population,238
hosp_per_100k_lag4,237
cases_per_100k_lag2,235
cases_per_100k_lag3,229
deaths_per_100k_roll_mean4,206
hosp_per_100k_lag3,188
deaths_per_100k_roll_std4,184
hosp_per_100k_lag2,181
deaths_per_100k_lag1,163
zone,143
deaths_per_100k_lag4,140
deaths_per_100k_lag2,131
hosp_per_100k_growth_ratio,129
deaths_per_100k_growth_ratio,112
deaths_per_100k_lag3,90
