model,outcome,mae,rmse,wis_star,crps_approx,coverage_90,seconds
Seasonal-naive,cases,274.3992571123755,605.462185251203,1875.499337298095,326.67839491893443,0.9468705547652916,0.0
Random Forest,cases,85.83492040114943,250.01239955519225,185.64466899257215,50.63929281622258,0.8748221906116643,6.6
Gradient Boosting (sklearn),cases,83.78876950715578,237.63150816248438,187.01060460339542,52.7454408332297,0.9227596017069701,119.2
LightGBM,cases,82.62293552051169,220.084049197141,185.9951790679629,51.7245747187212,0.8109530583214793,10.8
Ensemble (LightGBM + RF),cases,80.9969645823043,227.16869906356445,174.64048875830693,48.69853465229249,0.8724039829302987,0.0
Seasonal-naive,hospitalizations,4.090292674253201,8.8957250153098,13.760373934495082,3.178356187194774,0.927027027027027,0.0
Random Forest,hospitalizations,1.2864632495986477,3.3306121483156805,2.673673270251665,0.741541243215899,0.8386913229018492,7.0
Gradient Boosting (sklearn),hospitalizations,1.276648045799494,3.245479642124925,3.0220474453468964,0.8548445206942464,0.903271692745377,118.7
LightGBM,hospitalizations,1.2817058327984179,3.2177309574704034,2.6935726501871047,0.7544603286536166,0.8152916073968706,10.8
Ensemble (LightGBM + RF),hospitalizations,1.2484047612981486,3.1733599120959677,2.5523891743966014,0.7214383223158336,0.8423897581792319,0.0
Seasonal-naive,deaths,0.3979922475106686,0.8589100525954404,1.1979241844793433,0.298604352399169,0.9111664295874822,0.0
Random Forest,deaths,0.13981137131878177,0.3360521544266931,0.28937094126958013,0.07913671205047275,0.8404694167852063,6.8
Gradient Boosting (sklearn),deaths,0.15443844479610389,0.3462364110687978,0.33506515880703003,0.09789742080822554,0.9691322901849218,95.5
LightGBM,deaths,0.1369968455437538,0.32086175390330407,0.28318198445018555,0.07968730444008244,0.8510668563300142,10.3
Ensemble (LightGBM + RF),deaths,0.13495347741886948,0.32096423072503144,0.27721562323836374,0.07744030417923904,0.8241109530583215,0.0
