"target","variant","h","wis","ae","crps","in50","in90","rmse"
"cases","N1_lags",1,79705.9051411333,121847.927136075,79705.9051411333,0.434108527131783,0.751937984496124,291659.019388566
"deaths","N1_lags",1,105.44093427584,153.6535305758,105.44093427584,0.356589147286822,0.720930232558139,353.974860234635
"hospitalizations","N1_lags",1,951.985992525734,1203.60194504441,951.985992525734,0.426356589147287,0.75968992248062,2854.18593771259
"cases","N2_wavelet",1,76508.8037627678,110511.428356611,76508.8037627678,0.403100775193798,0.736434108527132,254107.436293156
"deaths","N2_wavelet",1,101.981674699756,149.829665402815,101.981674699756,0.348837209302326,0.720930232558139,343.861818906147
"hospitalizations","N2_wavelet",1,891.863571135242,1160.92669857359,891.863571135242,0.434108527131783,0.720930232558139,2801.66494287376
"cases","N3_WDA",1,77454.7541708154,114169.750171204,77454.7541708154,0.410852713178295,0.751937984496124,272378.956445312
"deaths","N3_WDA",1,101.593337414886,150.371219846966,101.593337414886,0.387596899224806,0.736434108527132,343.444473806322
"hospitalizations","N3_WDA",1,920.089256309849,1171.78996359576,920.089256309849,0.403100775193798,0.705426356589147,2634.73254527785
"cases","NB_persistence",1,155029.374987644,228190.135963359,155029.374987644,0.48062015503876,0.883720930232558,450691.11537975
"deaths","NB_persistence",1,206.188391426257,318.49620516466,206.188391426257,0.488372093023256,0.868217054263566,592.158705415037
"hospitalizations","NB_persistence",1,2278.83856367818,3573.16216933623,2278.83856367818,0.496124031007752,0.883720930232558,6722.68685989297
"cases","N1_lags",2,139158.322823389,184224.596366032,139158.322823389,0.403100775193798,0.798449612403101,450460.28240471
"deaths","N1_lags",2,194.205854951787,267.673078201929,194.205854951787,0.418604651162791,0.744186046511628,663.974728416552
"hospitalizations","N1_lags",2,1783.4308223683,2382.65958731955,1783.4308223683,0.434108527131783,0.775193798449612,6120.66815655497
"cases","N2_wavelet",2,135721.999713298,181154.997231181,135721.999713298,0.387596899224806,0.767441860465116,415220.96800474
"deaths","N2_wavelet",2,197.217384077819,267.358942111767,197.217384077819,0.434108527131783,0.713178294573643,638.637513289468
"hospitalizations","N2_wavelet",2,1660.42041091611,2165.51647929786,1660.42041091611,0.403100775193798,0.775193798449612,5401.27766869479
"cases","N3_WDA",2,137958.507511415,192034.418734193,137958.507511415,0.418604651162791,0.744186046511628,459758.635385346
"deaths","N3_WDA",2,195.001233815419,267.826943090695,195.001233815419,0.449612403100775,0.751937984496124,616.838071553037
"hospitalizations","N3_WDA",2,1683.44048333185,2159.12493748788,1683.44048333185,0.441860465116279,0.751937984496124,5512.96394134632
"cases","NB_persistence",2,320242.514563717,433752.115819888,320242.514563717,0.496124031007752,0.883720930232558,817891.579216951
"deaths","NB_persistence",2,424.087460156525,608.922732958371,424.087460156525,0.503875968992248,0.875968992248062,1125.04766864935
"hospitalizations","NB_persistence",2,4796.96532653783,6727.11976805497,4796.96532653783,0.457364341085271,0.883720930232558,12511.9613507451
"cases","N1_lags",3,207016.054225226,263005.019016901,207016.054225226,0.418604651162791,0.798449612403101,621717.470239284
"deaths","N1_lags",3,262.069065672999,336.534405251494,262.069065672999,0.418604651162791,0.720930232558139,755.513043103077
"hospitalizations","N1_lags",3,2764.99607856652,3710.5533901874,2764.99607856652,0.441860465116279,0.720930232558139,8838.65694867674
"cases","N2_wavelet",3,190709.50832535,240333.00198184,190709.50832535,0.418604651162791,0.798449612403101,565942.091706471
"deaths","N2_wavelet",3,247.809764117629,308.394740074914,247.809764117629,0.426356589147287,0.713178294573643,697.244526549181
"hospitalizations","N2_wavelet",3,2737.60313402411,3469.00200074744,2737.60313402411,0.395348837209302,0.744186046511628,8204.76914110776
"cases","N3_WDA",3,189520.559389127,237012.327055186,189520.559389127,0.457364341085271,0.782945736434108,547020.631937991
"deaths","N3_WDA",3,245.395984739437,308.241525630934,245.395984739437,0.457364341085271,0.751937984496124,698.058355150975
"hospitalizations","N3_WDA",3,2608.02240407424,2998.33058581227,2608.02240407424,0.403100775193798,0.728682170542636,7084.23957532232
"cases","NB_persistence",3,490096.73155667,618001.767517221,490096.73155667,0.496124031007752,0.883720930232558,1109311.60206308
"deaths","NB_persistence",3,685.289908947099,862.412316957551,685.289908947099,0.496124031007752,0.89922480620155,1524.68539349668
"hospitalizations","NB_persistence",3,7264.38013889909,9325.39022147428,7264.38013889909,0.511627906976744,0.89922480620155,16866.9258377531
"cases","N1_lags",4,248985.755185051,318927.347593996,248985.755185051,0.457364341085271,0.798449612403101,691237.415747419
"deaths","N1_lags",4,323.447707272871,385.709667627843,323.447707272871,0.403100775193798,0.720930232558139,857.574079949068
"hospitalizations","N1_lags",4,3648.05613597302,4723.31722671019,3648.05613597302,0.387596899224806,0.751937984496124,10941.583370167
"cases","N2_wavelet",4,235993.131657777,295736.256457112,235993.131657777,0.441860465116279,0.775193798449612,648090.722803875
"deaths","N2_wavelet",4,316.382821626486,403.619188528631,316.382821626486,0.426356589147287,0.751937984496124,924.541438164051
"hospitalizations","N2_wavelet",4,3425.23564309886,3955.77596467987,3425.23564309886,0.449612403100775,0.728682170542636,9041.97155736268
"cases","N3_WDA",4,223303.068143091,267678.113424956,223303.068143091,0.457364341085271,0.790697674418605,599861.937310933
"deaths","N3_WDA",4,315.798891635696,349.007500877177,315.798891635696,0.449612403100775,0.751937984496124,759.704212456977
"hospitalizations","N3_WDA",4,3320.63415975173,4010.1900512707,3320.63415975173,0.356589147286822,0.751937984496124,8710.79602342851
"cases","NB_persistence",4,729916.265635707,738653.996472739,729916.265635707,0.51937984496124,0.891472868217054,1303694.27993602
"deaths","NB_persistence",4,953.179156897941,1007.56813927821,953.179156897941,0.503875968992248,0.883720930232558,1736.20384101275
"hospitalizations","NB_persistence",4,10774.4796311878,11210.5426390075,10774.4796311878,0.511627906976744,0.89922480620155,19779.0289221237
