"variant","season","wis","ae","crps","in50","in90","rmse"
"N1_lags","2023/2024",111504.282631533,167667.077713959,111504.282631533,0.563953488372093,0.877906976744186,404205.117409738
"N2_wavelet","2023/2024",104966.655800716,155643.920116336,104966.655800716,0.505813953488372,0.866279069767442,385220.277884996
"N3_WDA","2023/2024",98990.4265924322,136035.135859731,98990.4265924322,0.563953488372093,0.877906976744186,332803.495704424
"NB_persistence","2023/2024",296166.941550156,326599.917327997,296166.941550156,0.534883720930233,0.988372093023256,645192.997088184
"N1_lags","2024/2025",285966.839734626,376084.205583148,285966.839734626,0.261627906976744,0.575581395348837,794483.444291201
"N2_wavelet","2024/2025",272489.954375972,335464.124554717,272489.954375972,0.267441860465116,0.569767441860465,706019.557075068
"N3_WDA","2024/2025",269838.529584501,338013.392185466,269838.529584501,0.273255813953488,0.563953488372093,709230.110723902
"NB_persistence","2024/2025",577925.703937287,733048.27344852,577925.703937287,0.395348837209302,0.697674418604651,1274702.66334292
"N1_lags","2025/2026",108678.405664941,122252.384287646,108678.405664941,0.459302325581395,0.906976744186046,263922.716558318
"N2_wavelet","2025/2026",101743.472417707,129693.718349005,101743.472417707,0.465116279069767,0.872093023255814,293445.106848955
"N3_WDA","2025/2026",102348.710733903,134122.428993957,102348.710733903,0.47093023255814,0.86046511627907,307750.132467721
"NB_persistence","2025/2026",397371.01957036,454300.321053388,397371.01957036,0.563953488372093,0.970930232558139,900307.841079516
