"target","variant","wis","ae","crps","in50","in90","rmse"
"cases","N1_lags",342869.033372939,452347.235140606,342869.033372939,0.377049180327869,0.709016393442623,778340.546932863
"deaths","N1_lags",446.328458376297,581.213520635346,446.328458376297,0.35655737704918,0.663934426229508,993.860109890531
"hospitalizations","N1_lags",4671.8416515212,6168.91785188327,4671.8416515212,0.397540983606557,0.688524590163934,11337.1111821437
"cases","N2_wavelet",326255.484631052,424537.987774195,326255.484631052,0.413934426229508,0.713114754098361,717920.637788939
"deaths","N2_wavelet",435.890400689957,574.424852930834,435.890400689957,0.389344262295082,0.668032786885246,992.480828699229
"hospitalizations","N2_wavelet",4436.67121250755,5501.89772665333,4436.67121250755,0.450819672131148,0.692622950819672,9910.05951459061
"cases","N3_WDA",320644.634289332,415542.601042657,320644.634289332,0.442622950819672,0.717213114754098,705642.23331203
"deaths","N3_WDA",433.095239831614,546.116040506143,433.095239831614,0.405737704918033,0.692622950819672,907.830946308583
"hospitalizations","N3_WDA",4336.27352823993,5277.41455070978,4336.27352823993,0.450819672131148,0.692622950819672,9284.23936404745
"cases","NB_persistence",805979.360617524,987945.959759268,805979.360617524,0.184426229508197,0.795081967213115,1392081.37851573
"deaths","NB_persistence",1059.36148170955,1350.99917286536,1059.36148170955,0.25,0.790983606557377,1870.22056852408
"hospitalizations","NB_persistence",11983.1351651254,15110.0466176931,11983.1351651254,0.188524590163934,0.80327868852459,21162.4078422029
