"variant","h","wis","ae","crps","in50","in90","rmse"
"B1_persistence",1,5604.12849326176,8859.16037528914,5604.12849326176,0.501152315105803,0.893148962916405,24106.4267939272
"B2_climatology",1,7181.02241701065,9328.04873178396,7181.02241701065,0.326419442698512,0.627906976744186,25447.1758933062
"V1_lags",1,3773.91127755875,5813.01692981964,3773.91127755875,0.429499266708569,0.820029331657239,18314.5538177294
"V2_ma",1,3694.80495075687,5592.17466324403,3694.80495075687,0.428870731196313,0.821076890844333,17527.3023823527
"V3_wavelet",1,3699.52397891764,5630.92579773168,3699.52397891764,0.431803896920176,0.831761994552692,17688.8764352125
"V4_uniform",1,3250.74389282499,4971.20114540697,3250.74389282499,0.411062225015713,0.826105174942384,16081.5972866838
"V5_adjacency",1,2907.01955426006,4542.74611994824,2907.01955426006,0.437670228367903,0.839723444374607,14703.5103772152
"V6_WDA",1,2868.53793611544,4498.50512621072,2868.53793611544,0.435156086318877,0.843913681122983,14677.1566029059
"B1_persistence",2,10350.7264358105,14959.212127837,10350.7264358105,0.50534255185418,0.891891891891892,37290.1991791621
"B2_climatology",2,7179.1194530986,9325.3581425675,7179.1194530986,0.327047978210769,0.627697464906767,25447.1066382187
"V1_lags",2,4645.47019793687,6508.01815735654,4645.47019793687,0.413995390739577,0.796983029541169,19380.077231437
"V2_ma",2,4350.3173842021,6099.34528211149,4350.3173842021,0.410433689503457,0.813324952859837,18861.6764512259
"V3_wavelet",2,4431.99232328467,6197.61098829788,4431.99232328467,0.404776869893149,0.811648858160486,19020.3122938417
"V4_uniform",2,4048.8251327118,6084.27029484842,4048.8251327118,0.393882254347371,0.791116698093442,18533.5970864342
"V5_adjacency",2,3793.16895879293,5717.53352013506,3793.16895879293,0.43117536140792,0.798868636077938,18067.985485137
"V6_WDA",2,3849.81895400544,5729.30017015915,3849.81895400544,0.404357846218311,0.791745233605699,17721.2825221691
"B1_persistence",3,15983.6310649425,19957.3228334874,15983.6310649425,0.50534255185418,0.880787764508695,46308.3060960342
"B2_climatology",3,7173.86892643611,9318.85168631714,7173.86892643611,0.327257490048188,0.629792583280955,25446.8657812879
"V1_lags",3,5397.33902746326,7478.26378845736,5397.33902746326,0.382359103289336,0.776031845799288,21234.8539900292
"V2_ma",3,5076.30920007818,7246.37562093333,5076.30920007818,0.384873245338362,0.784621831133459,20927.142569
"V3_wavelet",3,5074.84756152978,7222.70083353015,5074.84756152978,0.382359103289336,0.791116698093442,20868.8542039862
"V4_uniform",3,4693.53254092363,6605.04063964701,4693.53254092363,0.37272155876807,0.770794049863817,19970.1333935363
"V5_adjacency",3,4585.1308772118,6718.06532499349,4585.1308772118,0.391787135973182,0.78441231929604,19843.2081295095
"V6_WDA",3,4742.45604933617,6955.41809034145,4742.45604933617,0.388434946574481,0.774774774774775,20406.0728244496
"B1_persistence",4,22756.0395063583,22990.117072897,22756.0395063583,0.507437670228368,0.879740205321601,50870.2259476941
"B2_climatology",4,7162.69405926942,9305.09680701924,7162.69405926942,0.327467001885607,0.630002095118374,25446.0909978694
"V1_lags",4,6190.60983593928,8474.81546915122,6190.60983593928,0.357008170961659,0.757385292269013,23966.5940276962
"V2_ma",4,5784.46694457316,8035.07314621417,5784.46694457316,0.363084014246805,0.756337733081919,23210.7078806974
"V3_wavelet",4,5751.44727559912,7910.65432852192,5751.44727559912,0.368112298344856,0.761785040854808,22807.0836181787
"V4_uniform",4,5456.67070003108,7804.47196831652,5456.67070003108,0.376492771841609,0.739786297925833,22747.5466790462
"V5_adjacency",4,5320.92459000042,7512.57665038728,5320.92459000042,0.385292269013199,0.746490676723235,22237.009984976
"V6_WDA",4,5359.89153275846,7524.42141574282,5359.89153275846,0.378587890215797,0.747119212235491,22129.6688975942
