"state","zone","hc","wis_wda","wis_persist","wis_wavelet","rel_persist","rel_wavelet"
"Abia","SE",0.7,3507.53464120306,12312.7007319087,4200.70258712494,0.284871265660926,0.834987616584324
"Adamawa","NE",0.44,3673.66836717587,11505.6415296127,3768.24602953611,0.319292788474312,0.974901409934773
"Akwa Ibom","SS",0.68,3621.64266699236,12331.8421351396,3683.94961274998,0.293682211246645,0.983086916948598
"Anambra","SE",0.74,4035.57764629497,16412.4747378326,4469.15352120775,0.245884774280415,0.902984788314989
"Bauchi","NE",0.4,5207.90303076409,15345.9714899125,5937.68635203156,0.33936613489654,0.877092982350309
"Bayelsa","SS",0.6,1505.32810910211,4452.61759186568,1814.51128278431,0.33807711487556,0.829605262521287
"Benue","NC",0.52,3948.99460839528,15199.0703004692,4665.80064637437,0.259818168501621,0.846370196177136
"Borno","NE",0.34,4105.16550381647,12558.1210397052,4458.95270766906,0.326893290073977,0.920656883567276
"Cross River","SS",0.66,2514.59876679011,8402.87215951789,2819.60180124999,0.299254673765546,0.891827621075904
"Delta","SS",0.69,3865.30215321403,13900.4099121508,4387.88164222966,0.278071091258629,0.880903923208355
"Ebonyi","SE",0.64,2971.38697450986,8943.1146950485,3280.98994465989,0.332254150352675,0.905637330387454
"Edo","SS",0.7,3286.18200272871,13087.533232726,3664.39798390654,0.251092543131921,0.89678632538308
"Ekiti","SW",0.69,2296.17796898467,8597.60635547614,2592.65990247474,0.26707177254308,0.885645651708086
"Enugu","SE",0.71,3032.67022314713,11687.3539668879,3683.73928337056,0.259483047380884,0.823258648308111
"FCT","NC",0.88,3658.76951802483,11369.4722005229,4300.34093125703,0.321806452709085,0.850809174554291
"Gombe","NE",0.45,3183.97035440901,9375.58631046713,3672.31844506441,0.33960226581823,0.867019133018888
"Imo","SE",0.72,3844.86302330661,15574.0606120057,4388.0292831525,0.246876079340715,0.876216354815284
"Jigawa","NW",0.38,5271.07213405425,15570.0100627864,6038.08265895476,0.33854005956313,0.872971178398329
"Kaduna","NW",0.6,7030.99205636279,19860.5011509089,7253.9990859203,0.354018864022525,0.969257367292704
"Kano","NW",0.55,10932.8948939017,32081.1753823641,12871.9255899537,0.340788476843396,0.849359702827575
"Katsina","NW",0.42,6906.64488727244,19915.3094085755,8053.76390272199,0.346800782532581,0.857567340028201
"Kebbi","NW",0.39,3574.73568927136,11453.1140424636,4266.16332518578,0.312119103679372,0.837927528036141
"Kogi","NC",0.53,3017.58071559816,10736.2610964916,3292.36920556589,0.281064393691416,0.916537765721051
"Kwara","NC",0.58,2580.29985642325,8879.67052469508,3010.67997077372,0.290585089756115,0.857048866525701
"Lagos","SW",0.9,11279.4230928789,36614.4238053794,12406.5118604067,0.308059554694446,0.909153452621542
"Nasarawa","NC",0.54,2539.35053818516,7604.25168819089,2926.81424077566,0.333938254848755,0.867615888568382
"Niger","NC",0.5,4620.31647994149,14997.3272187884,5168.35044340654,0.308075993311211,0.893963466783836
"Ogun","SW",0.71,4810.35267505301,16517.4837527098,5691.46309729559,0.29122793441609,0.845187360933384
"Ondo","SW",0.68,3554.27956729359,12953.2575827677,3972.24272055798,0.274392718942146,0.89477904985482
"Osun","SW",0.7,3202.3831777757,9134.20992963366,3237.5833615632,0.35059224634047,0.989127636308798
"Oyo","SW",0.72,6642.51257626694,19198.3271586592,6747.79677239619,0.345994342182615,0.984397248512292
"Plateau","NC",0.55,3640.78796337158,12090.0084228307,4099.47777319656,0.30114023382286,0.888110184954774
"Rivers","SS",0.7,4367.22855101582,16310.0166718197,4671.93943823311,0.267763585953991,0.93477850232311
"Sokoto","NW",0.4,4091.05288972051,12420.967229499,4722.57322711774,0.329366692152968,0.866276221240796
"Taraba","NE",0.41,2855.50411941836,9445.5991918874,3329.01755464829,0.302310532281624,0.857761808864972
"Yobe","NE",0.33,2706.09959953053,8708.66675323897,3600.13864982917,0.310736382067217,0.751665383681525
"Zamfara","NW",0.36,3708.26934579886,10377.3308035116,4209.89820346747,0.357343272177851,0.880845371212197
