fold,state,target,n,MAE,RMSE,bias
2024/2025,Kano,cases,52,33778.82281610006,76037.57789021729,-20875.478028022175
2024/2025,Kano,hospitalizations,52,314.57282159226247,585.8670588018841,-167.11333004322387
2024/2025,Kano,deaths,52,45.6155275270477,87.94295974305264,-21.58928887936979
2024/2025,Lagos,cases,52,19339.826854149273,36786.307818066394,-6313.805586583999
2024/2025,Lagos,hospitalizations,52,642.6958797632137,1490.1062220566535,-312.874024997978
2024/2025,Lagos,deaths,52,20.92960867392767,46.27266482332623,-8.3319295627101
2024/2025,Katsina,cases,52,21236.17310023127,43115.087249650474,-7303.84629839718
2024/2025,Katsina,hospitalizations,52,185.40489140236707,409.6191328253303,-123.66223417277426
2024/2025,Katsina,deaths,52,26.423195370172444,61.128929122337645,-17.97047340050349
2024/2025,Kaduna,cases,52,18848.990676272104,42524.41594660391,-12645.7680380182
2024/2025,Kaduna,hospitalizations,52,192.34152436147681,371.52822012222276,-73.87816481134169
2024/2025,Kaduna,deaths,52,18.104853326928065,38.625364495222044,-10.306828439291813
2024/2025,Bauchi,cases,52,15159.932630504927,33979.441331920396,-10362.810149380237
2024/2025,Bauchi,hospitalizations,52,151.83185805167662,339.25701970351895,-88.26943554585036
2024/2025,Bauchi,deaths,52,25.628004808038,58.5209634179759,-12.860532432012812
2024/2025,Oyo,cases,52,20859.983805435502,62487.27802137586,-13850.919547187115
2024/2025,Oyo,hospitalizations,52,250.67469751011092,642.8362675832881,-72.99209943763152
2024/2025,Oyo,deaths,52,18.208613478347353,41.03169304331019,-7.066138996223682
2024/2025,Anambra,cases,52,12876.559249760834,28807.76684675197,-4552.409053877934
2024/2025,Anambra,hospitalizations,52,241.07816265874845,577.2826855310587,-101.7743934408216
2024/2025,Anambra,deaths,52,12.648573094598834,21.12002492761853,0.7144828503073715
2024/2025,Rivers,cases,52,16127.381484876187,42286.35290053853,-7104.638822550544
2024/2025,Rivers,hospitalizations,52,202.889582544602,425.40941607595767,-55.91055800814393
2024/2025,Rivers,deaths,52,16.89639999783598,41.700051139094576,-6.978152339786982
2024/2025,Jigawa,cases,52,17011.352754889213,37081.77647043805,-10148.766803098573
2024/2025,Jigawa,hospitalizations,52,149.7716474662089,339.27922755862517,-80.76315818229934
2024/2025,Jigawa,deaths,52,21.48571526152782,45.313198396385985,-12.456262850174792
2024/2025,Niger,cases,52,12381.848641722501,28576.27203210826,-8541.9092224729
2024/2025,Niger,hospitalizations,52,176.6488881317253,392.1388653674579,-88.97784139404588
2024/2025,Niger,deaths,52,14.458802435574794,30.49221390012412,-9.64215459779435
2024/2025,Benue,cases,52,11215.605595095973,22924.661095783293,-6177.936852815192
2024/2025,Benue,hospitalizations,52,188.90678166837597,421.369660824517,-90.35238806204838
2024/2025,Benue,deaths,52,16.171759367457692,32.62872146278542,-8.055894790395056
2024/2025,Borno,cases,52,12098.63734988839,24634.02986817909,-6608.510592217688
2024/2025,Borno,hospitalizations,52,109.26727426769017,246.61893551837596,-61.96652576720472
2024/2025,Borno,deaths,52,21.13880786183847,46.11775480054043,-13.045231806973977
2024/2025,Ogun,cases,52,15360.762653864791,40675.45981093874,-9560.415845961285
2024/2025,Ogun,hospitalizations,52,164.19075419832078,380.96245613065605,-93.66900220633563
2024/2025,Ogun,deaths,52,11.26102517018821,24.657211123121748,-5.248851179359887
2024/2025,Sokoto,cases,52,11921.105081153677,25877.171235241083,-6004.832986915118
2024/2025,Sokoto,hospitalizations,52,133.70704538872408,301.54049887454437,-83.95161183772326
2024/2025,Sokoto,deaths,52,20.581209798347132,52.14524832809348,-13.271478659963975
2024/2025,Delta,cases,52,13981.890935578309,35529.65136480707,-7313.3399959177805
2024/2025,Delta,hospitalizations,52,195.9682021459792,401.3724031425031,-53.50432679328647
2024/2025,Delta,deaths,52,7.949775252894467,18.204422723886005,-3.814635542162745
2024/2025,Imo,cases,52,14670.160460871159,36306.25056631085,-6891.364828736147
2024/2025,Imo,hospitalizations,52,186.64608224512756,427.6513850212856,-101.85525960267675
2024/2025,Imo,deaths,52,10.717562463453298,25.329805432057952,-5.053626266323361
2024/2025,Kebbi,cases,52,12125.454615133298,26864.619349000375,-6898.32921952484
2024/2025,Kebbi,hospitalizations,52,152.85987776056427,330.3086512092853,-105.52248238332314
2024/2025,Kebbi,deaths,52,31.07042930426189,68.8698138408523,-22.4075897053648
2024/2025,Akwa Ibom,cases,52,8849.439118944752,20423.130552115406,-5741.722770518467
2024/2025,Akwa Ibom,hospitalizations,52,145.87722339654263,314.7226875446335,-71.27740238554836
2024/2025,Akwa Ibom,deaths,52,15.890233029385515,45.35704676322131,-4.91195170866579
2024/2025,Edo,cases,52,8966.992990257011,20296.483724512123,-5417.0712843203655
2024/2025,Edo,hospitalizations,52,171.2342189000322,382.17256865988594,-113.60357454199854
2024/2025,Edo,deaths,52,13.444148873557177,31.37175532789918,-4.071317045360437
2024/2025,Ondo,cases,52,9430.08786525515,24121.742392981458,-6448.933921664624
2024/2025,Ondo,hospitalizations,52,190.49197724315667,470.6772324320245,-77.23454760820172
2024/2025,Ondo,deaths,52,11.784382358590815,31.11698307758706,-4.832989903262817
2024/2025,Zamfara,cases,52,10137.307536544367,19897.02628865915,-6148.862830620297
2024/2025,Zamfara,hospitalizations,52,109.00731391791325,225.15180702985393,-65.67984166180788
2024/2025,Zamfara,deaths,52,22.001243016854968,51.67720994247206,-13.977314376876281
2024/2025,Plateau,cases,52,10262.535808483302,23142.292013869217,-7228.482900970567
2024/2025,Plateau,hospitalizations,52,149.3532398297857,312.0447079577485,-79.08582355783577
2024/2025,Plateau,deaths,52,13.448760331072547,28.695886853462184,-6.9082275588245645
2024/2025,Enugu,cases,52,8084.344904162028,18653.22138659619,-4297.328530595725
2024/2025,Enugu,hospitalizations,52,168.99649860419015,372.2975941540525,-68.79556519089817
2024/2025,Enugu,deaths,52,9.453506368616999,20.92635476836001,-3.4244731951935354
2024/2025,Adamawa,cases,52,9026.068031231052,19930.94735612107,-5656.2314795899965
2024/2025,Adamawa,hospitalizations,52,160.72028985498986,349.57298765805155,-91.62219186713854
2024/2025,Adamawa,deaths,52,14.849734939024756,35.92032439084656,-9.884679496531469
2024/2025,Kogi,cases,52,10704.526519788471,23722.27005648764,-5951.096296854671
2024/2025,Kogi,hospitalizations,52,142.86035015708623,312.2941276289602,-104.21292283184289
2024/2025,Kogi,deaths,52,13.682311510629905,26.52242195664479,-4.662401807878182
2024/2025,Abia,cases,52,9271.763783856331,23082.81270041087,-3842.861839184824
2024/2025,Abia,hospitalizations,52,113.17070259719074,250.38026072848032,-54.94387853567707
2024/2025,Abia,deaths,52,9.560430865634192,18.12020668371348,-2.881299037248294
2024/2025,FCT,cases,52,8273.913374938324,17754.279145399,-4856.697623844441
2024/2025,FCT,hospitalizations,52,167.67821983399125,352.141434881064,-64.845343292258
2024/2025,FCT,deaths,52,8.730158879276644,19.100968256026597,-4.439239705897139
2024/2025,Gombe,cases,52,9585.09540437984,20849.11092682752,-7089.498096612507
2024/2025,Gombe,hospitalizations,52,117.14163822236793,254.62387115215134,-70.56119270542555
2024/2025,Gombe,deaths,52,12.512713753993637,25.286328088636054,-6.950333788854087
2024/2025,Yobe,cases,52,8570.690821346729,18286.43527950153,-5054.547493447211
2024/2025,Yobe,hospitalizations,52,93.8208196342383,217.12643927168972,-66.70713458643222
2024/2025,Yobe,deaths,52,14.291686910735097,33.771383323067326,-9.889130501999038
2024/2025,Taraba,cases,52,7269.571961824457,16013.801468727524,-2714.235143043949
2024/2025,Taraba,hospitalizations,52,90.40868200277353,189.0069862385683,-32.76941536778974
2024/2025,Taraba,deaths,52,16.31437856034193,36.752710896898556,-11.371990001795622
2024/2025,Kwara,cases,52,6942.523683281583,14759.643385156796,-4459.256209509876
2024/2025,Kwara,hospitalizations,52,115.44475235448698,240.86901769952445,-62.07225762625402
2024/2025,Kwara,deaths,52,11.466612813516933,23.756058436868287,-4.527505149559182
2024/2025,Osun,cases,52,8724.03094617064,22469.47438320651,-6122.096677461823
2024/2025,Osun,hospitalizations,52,112.06491186803426,259.19475223350594,-68.78819785091014
2024/2025,Osun,deaths,52,7.269988424321195,19.343093848235526,-2.901125351616343
2024/2025,Cross River,cases,52,7834.250360725067,16968.307485162022,-3350.401396718044
2024/2025,Cross River,hospitalizations,52,107.43704121445909,212.67735351797702,-5.846543432202216
2024/2025,Cross River,deaths,52,12.654142711817656,30.249066852768177,-7.446303282720321
2024/2025,Ebonyi,cases,52,6954.377791806434,18789.93121979517,-4126.2978972498995
2024/2025,Ebonyi,hospitalizations,52,110.64865892738247,251.25797222853205,-58.18779975112364
2024/2025,Ebonyi,deaths,52,9.769170750889824,26.629666910953627,-6.254580236766808
2024/2025,Nasarawa,cases,52,5009.9530587955205,9396.14805302622,-1485.3732521110144
2024/2025,Nasarawa,hospitalizations,52,109.6359623031874,243.7317003945017,-67.54143336265292
2024/2025,Nasarawa,deaths,52,10.849713447604909,25.590657811281794,-7.104985376892602
2024/2025,Ekiti,cases,52,4931.957747026188,12600.51831964861,-2067.974854576145
2024/2025,Ekiti,hospitalizations,52,110.99963961137838,258.81693301717684,-55.324402640708236
2024/2025,Ekiti,deaths,52,5.200271671633117,10.477053953399977,-2.5627804432731227
2024/2025,Bayelsa,cases,52,3470.399195392115,7463.169992138608,-927.6820922675765
2024/2025,Bayelsa,hospitalizations,52,75.8213459966008,202.36989316321342,-36.52368763697926
2024/2025,Bayelsa,deaths,52,5.752919620485331,12.840283352864345,-3.7001072317644064
2025/2026,Kano,cases,52,19478.304120614248,48224.161638608064,-4208.566398398345
2025/2026,Kano,hospitalizations,52,148.79596807149392,288.42404623033707,-11.446687171622587
2025/2026,Kano,deaths,52,19.78697190583879,37.654401353186856,-4.821617471206834
2025/2026,Lagos,cases,52,23059.32472376262,69919.7865938813,-13302.740639667954
2025/2026,Lagos,hospitalizations,52,275.56062098587375,626.5362310396574,-68.53611990289065
2025/2026,Lagos,deaths,52,14.279773473027275,33.16993351549079,5.881470179871932
2025/2026,Katsina,cases,52,10305.9482105509,22992.207531054875,1148.2053418099786
2025/2026,Katsina,hospitalizations,52,159.84762467754405,359.2524653452735,-33.008602707610066
2025/2026,Katsina,deaths,52,20.991910948919728,42.85815769710661,-0.9764851114488071
2025/2026,Kaduna,cases,52,8122.951148538827,20814.21356925739,-1980.5169680952995
2025/2026,Kaduna,hospitalizations,52,122.5511466181436,297.6922618270539,-32.75595203569739
2025/2026,Kaduna,deaths,52,10.53014175529812,22.663297598414847,-2.3448946631391427
2025/2026,Bauchi,cases,52,10591.525154179948,22846.04636272659,-839.7127051034629
2025/2026,Bauchi,hospitalizations,52,130.34785403653495,281.0329102176008,-19.594435050714257
2025/2026,Bauchi,deaths,52,15.484482267385259,30.059453943016138,2.560453525595461
2025/2026,Oyo,cases,52,7892.661462984742,16335.677330933246,5887.880765590381
2025/2026,Oyo,hospitalizations,52,114.12292205206846,292.357258202656,8.246324695116833
2025/2026,Oyo,deaths,52,10.634679796830893,21.9240874753253,2.4509090726434297
2025/2026,Anambra,cases,52,6923.527024364857,15117.953676293868,63.41381392270705
2025/2026,Anambra,hospitalizations,52,119.78066687068007,213.66880676037601,63.78674125643277
2025/2026,Anambra,deaths,52,11.221126439908216,22.91454530738391,-1.9873884020646988
2025/2026,Rivers,cases,52,5517.642702446019,10895.55083546206,2533.5857935935906
2025/2026,Rivers,hospitalizations,52,143.23347393800339,333.27641357936403,-22.275546965327383
2025/2026,Rivers,deaths,52,11.603027217040593,24.69697430417277,0.34011271017492306
2025/2026,Jigawa,cases,52,9106.486345840192,16858.230943158294,973.3137399701814
2025/2026,Jigawa,hospitalizations,52,90.82700106101696,216.09633111749653,-6.795291583307367
2025/2026,Jigawa,deaths,52,15.520185870474764,41.278446892128656,-4.644852023785256
2025/2026,Niger,cases,52,6658.642097294198,15168.535254224345,-185.82661515200581
2025/2026,Niger,hospitalizations,52,89.2387911361627,203.37883539444195,1.4822511274636443
2025/2026,Niger,deaths,52,9.338328843253528,23.80334734284334,0.15168298043828096
2025/2026,Benue,cases,52,6982.290383233902,15298.499378549175,747.0044015244928
2025/2026,Benue,hospitalizations,52,87.0769285090143,170.5420804418863,14.683932358177783
2025/2026,Benue,deaths,52,9.746479250377227,20.522849745029085,2.1431965947930154
2025/2026,Borno,cases,52,8093.06055393568,14378.52605270287,912.3118186401368
2025/2026,Borno,hospitalizations,52,101.11966181570772,209.29177539622015,-17.18973818543279
2025/2026,Borno,deaths,52,13.522213550349184,26.919967664068743,0.3884567043076216
2025/2026,Ogun,cases,52,7511.134539621626,20543.394789074173,-1867.1485036946856
2025/2026,Ogun,hospitalizations,52,75.94173907905916,164.74017765710914,10.036844153715778
2025/2026,Ogun,deaths,52,9.1689485811768,22.723880827316925,-0.0992059987225169
2025/2026,Sokoto,cases,52,8074.372192334099,17471.76335183264,842.9994360317396
2025/2026,Sokoto,hospitalizations,52,91.99327704401357,175.93059156191035,21.362405948296086
2025/2026,Sokoto,deaths,52,14.08771955989785,27.677230040216482,2.1761385845112424
2025/2026,Delta,cases,52,6706.501813835502,15379.488407918041,194.3208656321649
2025/2026,Delta,hospitalizations,52,102.39228086501966,222.95213902667186,-2.2671986158764104
2025/2026,Delta,deaths,52,10.654259986619577,28.50385024866453,-2.235103379402776
2025/2026,Imo,cases,52,7854.933780305072,15800.134294998321,379.5718525286165
2025/2026,Imo,hospitalizations,52,113.09204763898478,271.676251059481,11.182347133147704
2025/2026,Imo,deaths,52,9.465076124172361,22.654792880229703,-0.19279284839565378
2025/2026,Kebbi,cases,52,6444.130605832219,12957.402444857804,874.962157705059
2025/2026,Kebbi,hospitalizations,52,80.52256310943719,166.5077670100747,3.59025112978098
2025/2026,Kebbi,deaths,52,16.699347845101485,31.704334241018522,-1.0244806917309603
2025/2026,Akwa Ibom,cases,52,6731.652417981784,14734.481163556251,-565.6528828658883
2025/2026,Akwa Ibom,hospitalizations,52,71.70708261959534,165.76350412802947,6.377738721360796
2025/2026,Akwa Ibom,deaths,52,10.594800407710965,21.461511526139265,2.2091034851476157
2025/2026,Edo,cases,52,6516.397601759036,16682.20239210522,-299.5728016705448
2025/2026,Edo,hospitalizations,52,97.22612438892548,203.6814481810018,8.000420588883681
2025/2026,Edo,deaths,52,6.751169488290064,13.398859157342986,3.197536696278358
2025/2026,Ondo,cases,52,7029.981326682439,18833.580832601085,-1291.507372357418
2025/2026,Ondo,hospitalizations,52,81.8006672082247,163.12127896902652,-3.1148705411421678
2025/2026,Ondo,deaths,52,10.518960083103618,21.670014025418748,4.975994041264476
2025/2026,Zamfara,cases,52,6885.603929497792,14185.625601672427,1552.695764388858
2025/2026,Zamfara,hospitalizations,52,75.13463823143223,167.88826114802538,-12.037183474002363
2025/2026,Zamfara,deaths,52,15.907980925498322,32.77288844368268,0.47363373185584073
2025/2026,Plateau,cases,52,6876.854737141217,14667.484194187777,-528.1874254599684
2025/2026,Plateau,hospitalizations,52,70.46451907710369,138.82390654647816,8.596863520264062
2025/2026,Plateau,deaths,52,10.495581327415822,22.297537671307847,1.8525056367836765
2025/2026,Enugu,cases,52,5976.314479664356,12120.720257682493,-437.03595914369663
2025/2026,Enugu,hospitalizations,52,94.37564803023163,201.73021681985298,-2.197963551910945
2025/2026,Enugu,deaths,52,9.050472338275709,26.285490975694582,-0.13914693274595655
2025/2026,Adamawa,cases,52,5274.055008726704,11603.13125216245,-1.3750132875827779
2025/2026,Adamawa,hospitalizations,52,63.92052243628356,151.9813639495952,1.013983865642842
2025/2026,Adamawa,deaths,52,11.886573988770472,29.141418190491642,0.883855865153001
2025/2026,Kogi,cases,52,3120.921950349501,6595.457479377662,1069.3613257687775
2025/2026,Kogi,hospitalizations,52,97.45425695330839,254.46226109493801,-16.214603830559366
2025/2026,Kogi,deaths,52,8.34857053310019,19.645540238623877,-2.328565063725914
2025/2026,Abia,cases,52,5699.689254616384,13739.042600055358,-631.9419854935536
2025/2026,Abia,hospitalizations,52,85.4674414900798,218.0129181349604,-4.641634650335004
2025/2026,Abia,deaths,52,9.066481783690785,23.950098023229348,-2.2165661904048046
2025/2026,FCT,cases,52,5640.570352524547,14591.0885384602,-16.56132793703754
2025/2026,FCT,hospitalizations,52,107.41904944822889,251.1249193429234,-35.90027980510045
2025/2026,FCT,deaths,52,5.968118776938512,12.827575133371031,2.2165725056217984
2025/2026,Gombe,cases,52,3475.8059979864524,8231.53594495345,1969.4440180663396
2025/2026,Gombe,hospitalizations,52,61.910660332392766,128.30711321214253,14.60746239906007
2025/2026,Gombe,deaths,52,10.727519960678542,22.380733012463093,0.1288837918200737
2025/2026,Yobe,cases,52,5950.4401652587985,12098.86106976132,719.6835074451988
2025/2026,Yobe,hospitalizations,52,63.88402908047219,122.94129874329883,19.965832858536967
2025/2026,Yobe,deaths,52,11.95221420475994,26.314363891357218,-0.004213462412534978
2025/2026,Taraba,cases,52,5816.503705949583,14387.602033757732,-1197.75499579506
2025/2026,Taraba,hospitalizations,52,58.15264059985978,137.65348537106675,4.620857054867592
2025/2026,Taraba,deaths,52,8.034070946779817,17.001251344422634,1.9093693403060885
2025/2026,Kwara,cases,52,4092.12474104832,9576.046607039407,-563.8055120544163
2025/2026,Kwara,hospitalizations,52,70.71804628550511,141.16196605391838,-1.3727084468172528
2025/2026,Kwara,deaths,52,6.876027890723521,16.40164003535921,0.7075948607206514
2025/2026,Osun,cases,52,3529.8417415147173,8030.708240436435,2528.995970823985
2025/2026,Osun,hospitalizations,52,115.79881771493692,269.0580143216382,-1.8161116396397026
2025/2026,Osun,deaths,52,8.34398300708905,18.219590903048854,-1.0653952045753612
2025/2026,Cross River,cases,52,3709.5080145565103,8020.50164487796,-148.80737092937247
2025/2026,Cross River,hospitalizations,52,84.80334888500673,187.6950743734768,-3.2925345305874396
2025/2026,Cross River,deaths,52,8.106370670336782,18.73867378235783,2.8559564263385218
2025/2026,Ebonyi,cases,52,5194.591780529754,11580.518317316486,-1072.8448968666942
2025/2026,Ebonyi,hospitalizations,52,52.840256547117846,108.07882568023899,15.30945724489025
2025/2026,Ebonyi,deaths,52,6.025194164007777,12.024064018850174,2.9120438137842797
2025/2026,Nasarawa,cases,52,4177.0269081989645,8771.6882280817,1235.1533749484993
2025/2026,Nasarawa,hospitalizations,52,69.50369839452225,158.39177631611872,-14.59155516909331
2025/2026,Nasarawa,deaths,52,5.75948802968039,12.579612078420451,3.919753593274191
2025/2026,Ekiti,cases,52,3934.2226262651757,8423.615234619729,-494.73211556811214
2025/2026,Ekiti,hospitalizations,52,59.12777836210978,121.88387202356743,12.371143592284414
2025/2026,Ekiti,deaths,52,5.024903067620443,10.582136633545575,2.460862492615092
2025/2026,Bayelsa,cases,52,2068.1404606950173,4322.54053912268,1270.1340890669364
2025/2026,Bayelsa,hospitalizations,52,49.23746761300686,126.37414083916399,12.217421538979531
2025/2026,Bayelsa,deaths,52,4.781447867671165,10.542907091344887,1.7080742171747174
